ETG,T-type,Arm Class,Bar,Disk,Ring,Core,Multiple,Compactness,AGN,Pseudobulge,BCG,cD,M_BH,M_BH_std,M*_sph,M*_disk,M*_gal,log_B/T,log_D/T,m_#_of_arms,phi,log_sigma0,log_v_max,M_DM,log_R_e_sph_maj,log_R_e_sph_eq_kpc,log_n_sph_maj,log_n_sph_eq,"log(I_e,sph,maj/M_Sun/pc^2)","log(I_e,sph,eq/M_Sun/pc^2)",Concentration_Index,avg_Rho_1kpc_Exact_All,r1_density_approx,log10(R10_kpc),logRho_R10_approx,log_rho10_Exact,log10(R90_kpc),logRho_R90_approx,log_rho_90_Exact_all,Rho_re_spatial,SR_pc_All,Rho_SR_pc_All,CR_def1_approx_new,Rho_cr_def1_approx_new,CR_def2_approx_new,Rho_CR_def2_approx_new,Sr(pc)_2_using_Falserm_drho,Log_Approx_Avg_density_10pc,log_Rho_e_Exact_new,logRho_e_approx_New,logRho_soi_approx_new,log_Rho_soi_exact_new,Rb_maj,Rb_maj_kpc,Rb_eq_kpc,Avg_Rho_Re_Exact_all,Avg_Rho_soi_exact_all,Avg_Rho_re_Exact_all,Rho_re_Exact_all,r_soi_2BH_approx,Rho_r_soi_2BH_approx,Log_Avg_Rho_10kpc_approx,Log_Avg_Rho_10kpc_exact_final,Log_Avg_Rho_100pc_approx,Log_Avg_Rho_5kpc_approx,Log_Avg_rho_5kpc_exact_all,brief,ube,bve,mg2,dc,ubtc,bvtc,bri25,m21c,hic,mabs,logblum
1,-3.2,,0,0.0,0,1.0,0,0,0.0,0,1,0,9.59,0.06,11.7,,11.7,0.0,,,,2.49,,,1.25,1.03,0.61,0.54,2.798905662,2.280328046,0.388,3.54789,1319.3,0.218956918,-0.185491717,-0.188222158,1.725414239,-4.304291971,-4.305197593,0.003888778,82.924,66.26871324,87.43,67.37362832,1970.57,0.463227177,36.76,3.129055842,-2.058313115,-2.060663313,1.417885318,1.392788635,0.01093948,0.008024109,0.007335,0.0364093,43.3455,0.019965,0.0042284,611.2,3.89425,-1.360877235,-1.36128417,1.98707116,-0.713747926,-0.716178834,22.125,,1.18,,72.53562685,,0.922,24.216,,,-22.009,10.9796
1,-4.8,,0,0.0,0,1.0,0,0,1.0,0,1,0,9.38,0.2,11.69,,11.69,0.0,,,,2.471453074,1.544068044,,0.93,0.89,0.82,0.85,2.321886532,2.281886532,0.603,9.38968,1481.2,-0.222141478,0.928344681,0.926757133,1.888004533,-5.121365163,-5.121365163,0.005279857,195.205,95.17802762,196.06,95.3087906,124.63,239.1764496,6.84,4.70578461,-1.914067924,-1.915275371,2.42615624,2.419688304,,,,0.0756651,693.822,0.0407398,0.00600379,113.6,287.554,-1.390947997,-1.391062331,2.985205902,-0.637989021,-0.638676435,,0.565,0.99,0.327,37.51941418,0.502,0.947,23.11,16.205,5.36,-21.403,10.7372
1,8,,0,,0,,0,0,,0,0,0,7.15,0.13,,,,,,,,,2.239349539,,,,,,,,,,,,,,,,,,,,,,,,,,,,,,,,,,,,,,,,,,,,,,,,20.21319646,,,22.429,16.927,2.888,-20.7,10.456
1,-4.9,,0,0.0,0,0.0,0,0,1.0,0,1,0,9.1,0.09,11.72,10.39,11.74,-0.02,-1.35,,,2.515012345,,,0.98,0.96,0.59,0.58,2.30882553,2.31282553,0.453,3.79913,1257.8,0.054804474,0.092057067,0.089528595,1.631243806,-4.257069777,-4.257888212,0.00564035,100.462,70.92622389,103.75,71.52948296,1149.29,1.204610656,28.3,3.384785423,-1.89472199,-1.896900578,2.371549795,2.335721342,,,,0.056091,367.612,0.0305944,0.00616338,229.6,21.2869,-1.476680236,-1.476624272,2.142677232,-0.788657827,-0.789930408,,0.59,1.01,0.33,65.99396542,0.514,0.912,23.71,,,-22.353,11.1172
1,-5,,0,1.0,0,0.0,0,0,1.0,0,0,0,9.69,0.16,,,,,,,,2.510679031,,,,,,,,,,,,,,,,,,,,,,,,,,,,,,,,,,,,,,,,,,,,,19.759,,,,31.33375123,,,23.663,,,-20.352,10.3168
1,-1.9,,1,1.0,0,0.0,0,0,0.0,0,0,0,8.34,0.13,10.43,10.49,10.7632,-0.33,-0.27,,,2.428669231,,,-0.12,-0.08,0.52,0.58,3.420591375,3.172591375,0.493,2.5556,799.2,-0.91926034,1.912539701,1.909978223,0.645547587,-2.398411254,-2.39924549,0.390165271,133.46,66.04539035,133.46,66.58822603,125.48,75.34799508,8.3,3.98387245,-0.055263079,-0.05746937,3.552668,3.53070457,,,,3.84286,6642.66,2.08879,0.424079,46.8,470.024,-2.274486926,-2.274486926,2.450695494,-1.40999458,-1.40999458,19.853,0.46,0.97,,24.72114039,0.43,0.853,23.482,,,-20.264,10.2816
1,-2.8,,0,1.0,0,0.0,0,0,0.0,0,0,0,5.74,0.1,8.03,9.16,9.19,-1.16,-0.03,,,1.538950562,2.278319089,,-1.23,-1.24,-0.03,-0.05,3.385070673,3.381070673,0.204,0.0571461,144.5,-1.722698658,1.947373926,1.941712205,-0.894567623,0.255602837,0.253679913,9.919812687,48.482,28.87149442,48.41,27.83424051,56.29,21.00104774,1.67,2.231339128,1.306616483,1.302531424,2.866880025,2.550809121,,,,38.0291,371.036,24.394,10.4056,5.2,203.879,-4.662760437,-4.662760437,1.166965621,-3.75967045,-3.75967045,20.43,0.305,0.88,0.033,3.253965663,0.212,0.883,22.611,13.321,2.38,-16.428,8.7472
1,-1.2,,0,1.0,0,1.0,0,0,0.0,0,1,0,9.0,0.1,10.88,11.21,11.38,-0.5,-0.17,,,2.37417991,,,0.06,0.04,0.36,0.33,3.353156735,3.391439539,0.335,3.59723,1032.0,-0.695569523,1.480983407,1.477134376,0.512405412,-1.633435032,-1.63485731,0.596420364,108.64,75.12823841,108.64,77.37320603,413.78,8.259046075,12.92,3.229658844,0.115407546,0.112123298,2.197049848,2.175640471,0.18,0.02376,0.020196,4.11595,236.975,2.34793,0.637808,176.6,37.4481,-2.060846807,-2.060750383,2.173719336,-1.182606531,-1.182098959,21.524,0.64,1.07,0.299,28.9551075,0.526,0.946,22.781,,,-21.554,10.7976
1,-4.7,,0,1.0,0,1.0,0,0,0.0,0,0,0,8.11,0.18,,,,,,,,2.295699017,1.859378504,,,,,,,,,,,,,,,,,,,,,,,,,,,,,,,,,,,,,,,,,,,,,0.53,0.96,0.259,23.42635759,0.457,0.901,23.042,16.804,5.706,-20.448,10.3552
1,-4.8,,0,0.0,0,0.0,0,0,0.0,0,0,0,7.59,0.17,10.84,10.01,10.9,-0.06,-0.89,,,2.296072566,,,0.61,0.54,0.72,0.72,2.356735133,2.584735133,0.616,3.18378,873.6,-0.718685246,1.579444323,1.577681768,1.254945072,-4.041413239,-4.041413239,0.039106587,145.843,68.12555515,146.21,68.15562451,63.31,386.5986316,4.87,4.405436558,-1.046113807,-1.047576148,4.674411647,4.653101086,,,,0.516697,91019.3,0.277905,0.043951,8.0,16994.8,-2.048107095,-2.045274245,2.632553454,-1.235377842,-1.23499867,22.107,0.52,1.02,0.29,19.34079088,,0.865,22.572,,,-20.59,10.412
1,-2.6,,1,1.0,0,0.0,0,0,0.0,0,0,0,7.62,0.05,10.33,10.75,10.89,-0.56,-0.14,,,2.294686624,2.040800061,,-0.31,-0.41,0.32,0.3,3.730467629,3.798467629,0.324,2.91479,801.4,-1.048343205,2.185830406,2.181775757,0.117913435,-0.782875109,-0.784382092,3.58546442,135.204,77.21652626,135.52,76.43211516,194.8,38.56628232,8.63,3.528449514,0.893806957,0.8903678,3.681365043,3.599468545,,,,23.6088,5337.67,13.5596,3.83448,24.2,894.832,-2.414284409,-2.414283281,2.386992728,-1.512143581,-1.512105451,19.857,0.61,1.01,0.289,24.458348,0.475,0.91,22.594,12.135,2.842,-20.61,10.42
1,-0.7,,0,1.0,0,0.0,1,0,1.0,0,0,0,7.82,0.04,10.78,10.62,11.01,-0.23,-0.39,,,2.17,2.308585754,,-0.05,-0.04,0.58,0.59,3.491623423,3.403623423,0.474,4.91427,1015.2,-0.901250728,2.158836746,2.156354395,0.692691765,-2.247483145,-2.248291372,0.618911983,166.466,80.20991592,167.08,80.2912736,121.94,152.7687723,8.12,4.290203401,0.143613369,0.141475126,3.868532326,3.846995415,,,,6.20939,12982.6,3.37481,0.671358,13.2,7038.6,-1.975079435,-1.975124545,2.738685447,-1.115443649,-1.114947646,22.686,0.53,1.035,,24.85370938,0.351,0.801,23.487,15.681,2.217,-20.336,10.3104
1,-2,,0,1.0,0,0.0,0,0,0.0,0,0,0,9.48,0.16,10.95,10.4,11.0569,-0.11,-0.66,,,2.44,,,0.09,0.07,0.63,0.62,3.426113357,3.410113357,0.464,7.22807,1200.2,-0.814895503,2.130763303,2.128377435,0.826877997,-2.427637618,-2.428350866,0.486240691,186.78,88.9440401,186.78,89.71657393,132.88,179.8695234,8.46,4.439514502,0.040330251,0.038296816,2.041436382,2.039493711,,,,5.06458,291.877,2.70843,0.521778,167.2,112.903,-1.751776534,-1.751776534,2.879892598,-0.907739151,-0.907739151,20.923,,1.22,,21.89014191,,,23.373,,,-20.425,10.346
1,-2.2,,0,0.0,0,0.0,0,0,1.0,0,1,1,8.88,0.21,11.56,10.54,11.6,-0.04,-1.06,,,2.388509715,,,1.36,1.24,0.68,0.63,1.78445054,1.92445054,0.442,3.68296,1301.5,0.371948226,-0.506285059,-0.50860131,2.041555958,-5.155493547,-5.155954307,0.000991461,95.283,68.38051337,98.88,69.3605796,1900.52,0.480915806,37.97,3.35137724,-2.647428507,-2.649403532,2.17160942,2.135593881,,,,0.0106238,237.025,0.00576376,0.00109064,198.2,24.7652,-1.359032862,-1.360502554,2.097632078,-0.720988185,-0.724617229,20.734,-0.045,0.75,,49.85356967,-0.027,0.534,23.001,,,-22.636,11.2304
1,-0.8,,0,1.0,0,0.0,0,0,0.0,0,0,0,9.08,0.12,11.43,10.49,11.4771,-0.05,-0.99,,,2.48,,,0.32,0.29,0.73,0.75,3.348623486,3.220623486,0.556,11.2999,1419.2,-0.725329338,2.141283458,2.139400472,1.173236525,-3.240396922,-3.433341589,0.187046737,218.551,99.46129649,218.87,99.42254794,79.4,836.4746942,5.78,4.878949778,-0.367343326,-0.368918422,3.19946722,3.192986574,,,,2.35694,3880.43,1.26777,0.208926,45.0,2518.79,-1.499446567,-1.520241913,3.153641112,-0.683224753,-0.683614441,20.762,,1.215,,23.13878105,,0.901,23.284,,,-20.47,10.364
1,-1.8,,1,1.0,0,0.0,0,0,0.0,0,1,0,8.16,0.29,11.05,11.58,11.69,-0.64,-0.11,,,2.348421698,,,0.27,0.14,0.3,0.26,3.495592253,3.543592253,0.299,6.6164,1530.0,-0.466176544,1.280713644,1.276433269,0.645890911,-1.501512872,-1.503173499,0.562146693,93.099,92.23975838,99.86,91.68911855,794.51,4.438196101,14.36,3.003773972,0.083167431,0.079526977,2.783673448,2.673790936,,,,3.4401,603.842,2.02771,0.606841,71.6,130.379,-1.586112073,-1.585911174,2.13904116,-0.73275081,-0.731892613,,0.47,0.93,0.245,69.92777368,0.356,0.828,23.778,,,-22.264,11.0816
1,-2.9,,0,1.0,0,0.0,0,0,0.0,0,1,0,9.15,0.07,11.15,9.82,11.17,-0.02,-1.35,,,2.469262225,2.14025657,,0.56,0.28,0.71,0.57,2.740752414,3.128752414,0.353,6.39614,1290.0,-0.550977077,1.486298057,1.483710576,1.00119333,-2.783830638,-2.784681982,0.153610877,158.893,88.79579589,160.27,88.77577071,300.84,26.79952363,13.51,4.017292161,-0.461063519,-0.46329819,2.545228114,2.532412456,,,,1.49473,673.925,0.815219,0.166917,139.2,114.346,-1.647892766,-1.647352553,2.628880171,-0.837964596,-0.8373669,,0.625,1.015,0.327,34.46200566,0.558,0.907,23.558,15.551,4.516,-20.743,10.4732
1,-4.5,,0,1.0,0,0.0,0,0,0.0,0,0,0,8.76,0.05,10.3,10.28,10.59,-0.29,-0.31,,,2.253749808,,,0.06,0.03,0.23,0.22,2.959531734,2.971531734,0.294,1.33919,740.3,-0.563149639,0.748300635,0.743791979,0.506311553,-1.88099674,-1.882748473,0.198972024,35.657,45.79103682,41.36,46.17733399,667.69,1.240068944,11.92,2.29034081,-0.371602336,-0.375401506,1.404543403,1.372089108,,,,1.14634,32.8829,0.683533,0.214276,330.0,4.24098,-2.405667128,-2.405615681,1.460385103,-1.524535114,-1.524023896,,0.485,0.945,0.294,16.0395671,0.453,0.894,23.179,,,-19.514,9.9816
1,-4.6,,0,0.0,0,1.0,0,0,0.0,0,0,1,8.67,0.06,11.46,,11.46,0.0,,,,2.521438846,,,1.57,0.76,1.0,1.0,0.996131488,1.104131488,0.632,5.91374,1220.8,0.182852714,-0.226469116,-0.227903863,2.694932366,-7.527372977,-0.611565205,0.000383997,169.351,81.03767933,170.18,81.20487681,62.53,632.140101,3.43,4.698540016,-2.324465351,-3.698528728,3.829887962,3.817975073,,,,0.00151789,16378.9,0.000823822,0.000101017,34.6,2021.55,-1.551357052,-1.55238155,2.846771808,-0.821990507,-0.82370033,,0.545,0.98,0.333,47.74622912,0.495,0.934,23.945,,,-21.218,10.6632
1,-4.5,,0,0.0,0,1.0,0,0,0.0,0,1,0,9.65,0.08,11.6,10.77,11.66,-0.06,-0.89,,,2.424277122,,,0.82,0.8,0.6,0.59,2.464872938,2.474629714,0.454,4.74689,1346.7,-0.050921122,0.37419832,0.371709012,1.538757473,-4.018484541,-4.019243475,0.010268554,117.239,78.06205511,120.1,78.53147681,871.49,2.464986392,24.4,3.573536812,-1.634186592,-1.636333692,1.314663038,1.304328891,1.31131759,0.174405239,0.155135,0.103268,41.7953,0.0562749,0.0112303,509.4,6.90874,-1.453248876,-1.452959171,2.293424435,-0.743032234,-0.74375143,,0.64,1.03,0.326,52.844877,,0.946,23.45,,,-21.85,10.916
1,-4.1,,0,0.0,0,1.0,0,0,0.0,0,0,0,9.57,0.06,11.13,,11.13,0.0,,,,2.477656555,,,0.79,0.79,0.88,0.87,2.169878168,2.0535739,0.581,4.51798,1048.2,-0.363211626,0.913571222,0.912060338,1.8162442,-5.351486256,-5.351486256,0.00392488,158.48,74.20941173,158.48,75.16249441,70.11,401.9455986,4.61,4.537602312,-2.034947917,-2.035584804,1.778546113,1.774864192,1.493034,0.368032881,0.367285,0.0594463,180.739,0.031598,0.00444242,315.0,16.8619,-1.775922966,-1.775922966,2.74036111,-1.005954862,-1.005954862,,0.61,1.1,0.326,30.82962016,0.453,0.915,23.221,,,-21.079,10.6076
1,-4.6,,0,0.0,0,1.0,0,0,0.0,0,0,0,10.25,0.04,12.06,,12.06,0.0,,,,2.52040492,,,1.41,1.22,0.85,0.71,1.765122381,2.037480257,0.379,6.07137,1495.7,0.215338823,-0.083755989,-0.085787678,2.022222565,-5.175294913,-5.182845286,0.001575585,138.55,81.02790288,138.55,84.36219569,909.63,2.787168016,24.98,3.863015923,-2.443620016,-2.445340204,0.709754701,0.703891755,4.21719746,1.416978347,0.798576,0.018667,12.7261,0.01007,0.00175015,1267.6,1.42002,-1.302705256,-1.302705256,2.463625763,-0.624425997,-0.624425997,22.528,0.585,1.035,0.322,70.22480271,0.52,0.923,23.383,,,-22.416,11.1424
1,-2,,1,1.0,1,0.0,0,0,0.0,0,0,0,7.15,0.6,9.67,10.06,10.21,-0.54,-0.15,,,2.149557792,,,-0.44,-0.73,0.36,0.18,3.486388583,3.898388583,0.242,0.895195,486.0,-1.313368301,2.364340717,2.359557879,-0.287418232,-0.104236772,-0.106078596,10.26738612,112.912,59.03197884,113.18,59.54648698,124.56,49.38966126,5.35,3.240384468,1.325612243,1.321655974,3.514325512,3.406873885,,,,53.93,3137.08,32.5029,10.7098,18.6,705.801,-3.038597892,-3.038651532,2.167810437,-2.135507905,-2.135507905,20.634,0.545,0.955,0.246,13.15036161,0.375,0.842,23.548,,,-18.754,9.6776
1,-4.7,,1,1.0,0,0.0,0,0,0.0,0,0,0,7.18,0.35,9.49,10.04,10.15,-0.66,-0.11,,,2.187605315,,,-0.61,-0.63,0.11,0.08,3.472752414,3.532752414,0.24,0.570331,465.7,-1.159330134,1.706185638,1.700865847,-0.227699305,-0.405058272,-0.407042583,3.393563062,59.992,58.64224142,62.61,56.99959713,193.01,10.76301288,4.52,2.510922417,0.849408755,0.845199996,2.755818995,2.583795867,,,,15.7629,435.312,9.84337,3.65422,38.0,93.8844,-3.230959604,-3.230959604,1.7102748,-2.327869802,-2.327869802,21.099,0.41,0.975,0.295,8.461690098,0.489,0.889,22.764,,,-18.739,9.6716
1,-2.1,,0,1.0,0,0.0,0,0,0.0,0,0,0,8.0,0.31,,,,,,,,2.34613773,,,,,,,,,,,,,,,,,,,,,,,,,,,,,,,,,,,,,,,,,,,,,20.855,0.74,1.155,0.285,12.8663023,0.472,0.896,23.363,,,-19.614,10.0216
1,-1,,1,1.0,1,0.0,0,0,1.0,1,0,0,7.59,0.09,9.37,10.01,10.1,-0.73,-0.09,,,2.283120235,2.259808823,,-0.84,-0.85,0.13,0.1,3.88924756,3.98524756,0.249,0.316092,315.9,-1.536502395,2.5704117,2.565220233,-0.582118817,0.370904713,0.368943196,22.94612361,103.24,44.02937707,103.19,44.63634796,79.52,78.23006028,3.63,3.161161504,1.66881777,1.664653032,3.285021717,3.215740157,,,,107.595,1997.82,66.1609,23.7694,33.8,308.201,-3.50010544,-3.50010544,2.043798319,-2.59701511,-2.59701511,20.584,0.695,1.065,0.29,7.619490919,0.503,0.891,22.839,14.116,3.099,-18.447,9.5548
1,-4.8,,0,0.0,0,1.0,0,0,0.0,0,1,0,9.62,0.08,11.86,,11.86,0.0,,,,2.492718494,,,1.44,1.15,0.88,0.82,1.551423234,1.935423234,0.49,6.51474,1366.9,0.011329386,0.284894341,0.283229817,2.061604492,-5.575809101,-5.575809101,0.001487127,163.126,85.81775298,164.44,86.05476675,263.29,34.25112526,11.1,4.346531386,-2.464854197,-2.466188957,1.958029152,1.950013635,,,,0.0205939,222.317,0.011086,0.00168262,264.8,33.8625,-1.44294417,-1.443433384,2.721879833,-0.720271474,-0.721619138,,0.565,1.03,0.316,64.129866,,0.921,23.798,,,-21.757,10.8788
1,-2.9,,0,1.0,0,0.0,0,0,0.0,0,0,0,8.94,0.25,10.87,10.18,10.95,-0.08,-0.77,,,2.415357362,2.027104866,,0.29,0.19,0.64,0.71,3.044384164,2.972384164,0.577,4.48502,1003.0,-0.771023617,1.840188191,1.838163405,1.039192554,-3.262085199,-3.268196445,0.130213385,161.349,76.66737717,161.62,76.52071486,92.93,238.9493797,6.59,4.412820171,-0.524958191,-0.52667222,2.805623273,2.798714493,,,,1.55031,1505.15,0.836075,0.145003,78.8,331.081,-1.924070007,-1.92406636,2.733879879,-1.097564119,-1.097157631,,0.585,0.985,0.29,19.60486085,0.474,0.898,23.017,13.174,3.303,-20.052,10.1968
1,-2.1,,1,1.0,1,0.0,0,0,0.0,0,0,0,8.3,0.12,10.12,10.57,10.7,-0.58,-0.13,,,2.316033282,,,-0.37,-0.63,0.46,0.23,3.731577943,4.115577943,0.242,2.4231,666.8,-1.236315544,2.585403912,2.580948119,-0.151728831,-0.096667121,-0.098386883,13.1053911,150.421,73.16236127,150.95,73.73551674,139.71,86.24968665,6.42,3.621089637,1.437950326,1.43420425,3.162920521,3.137142557,,,,75.264,1976.54,44.3761,13.6578,48.2,500.579,-2.584948152,-2.584948152,2.500745416,-1.681861505,-1.681798882,20.936,0.5,0.89,,21.27761687,0.436,0.856,23.172,,,-20.049,10.1956
1,-4.3,,0,0.0,0,1.0,0,0,0.0,0,0,0,9.35,0.05,,,,,,,,2.416707061,,,,,,,,,,,,,,,,,,,,,,,,,,,,,,,,,,,,,,,,,,,,,,0.575,1.055,0.335,40.4487506,0.473,0.905,23.697,,,-20.521,10.3844
1,-4.8,,0,0.0,0,0.0,0,0,0.0,0,0,0,7.89,0.03,10.3,9.47,10.36,-0.06,-0.89,,,2.133858125,,,0.51,0.36,0.89,0.65,2.049383016,1.581383016,0.731,1.41772,617.3,-0.582271972,0.909400368,0.907943148,1.829451409,-6.080875666,-6.080875666,-0.037762624,116.395,52.10275516,116.64,52.21712322,16.68,3196.230395,1.61,4.359578891,-2.405753503,-2.405753503,3.444911973,3.437520742,,,,0.0284521,7494.13,0.0153942,0.00196908,15.0,3947.63,-2.376988603,-2.3769586,2.388126079,-1.58389562,-1.584147261,20.193,0.4,0.905,0.238,12.39237634,0.282,0.82,22.886,,,-19.12,9.824
1,-4.8,,0,0.0,0,1.0,0,0,0.0,0,1,0,8.62,0.13,10.97,,10.97,0.0,,,,2.306360683,1.696006715,,0.48,0.43,0.72,0.72,2.541367014,2.577367014,0.528,3.4376,948.2,-0.578178202,1.287553068,1.285573263,1.266100438,-3.920413449,-3.906394153,0.032501253,140.908,70.71901985,141.66,70.80640351,131.74,81.88692621,7.97,4.187893446,-1.12953257,-1.131191218,2.847686241,2.836905841,,,,0.393049,1535.48,0.209134,0.0355582,59.6,374.324,-1.944445846,-1.944048595,2.548260401,-1.145689099,-1.145451064,20.064,0.575,0.975,0.283,16.04822926,0.51,0.927,22.539,17.766,7.659,-20.163,10.2412
1,-2.6,,1,1.0,0,0.0,0,0,0.0,1,0,0,7.23,0.05,10.14,10.52,10.67,-0.53,-0.15,,,2.158694118,1.193124598,,-0.53,-0.52,0.2,0.26,4.029922852,3.889922852,0.324,2.31241,707.3,-1.134985442,2.295853141,2.291572766,-0.022917987,-0.486373374,-0.488034001,5.756448229,133.476,74.26834646,133.36,73.32510809,170.33,45.95625549,7.48,3.467071698,1.098306928,1.094666474,3.715706331,3.617692835,,,,35.6213,5354.04,21.0004,6.28526,16.2,1277.17,-2.570417273,-2.570417273,2.360835672,-1.667408049,-1.667404011,19.919,0.53,0.955,0.261,16.96465415,0.394,0.877,23.175,16.011,5.246,-19.105,9.818
1,-2,,0,0.0,0,0.0,1,0,0.0,0,0,0,8.38,0.09,10.95,9.8,10.98,-0.03,-1.18,,,2.375755035,2.256019813,,0.52,0.47,0.68,0.65,2.476719405,2.484719405,0.464,2.87957,935.7,-0.4357952,0.901006661,0.898765337,1.269104167,-3.862041214,-3.862897559,0.022188163,120.493,67.41227649,121.66,67.48515692,270.24,14.80590821,12.64,3.815578256,-1.296738358,-1.298644106,3.177868194,3.152946181,,,,0.244165,2641.66,0.132228,0.0244671,62.8,214.056,-1.933230687,-1.932731951,2.328607905,-1.151735119,-1.151496211,21.019,0.57,0.93,0.3,18.76450499,0.503,0.905,22.89,16.963,5.037,-20.028,10.1872
1,-1.2,,1,1.0,0,0.0,0,0,0.0,1,0,0,6.76,0.07,9.53,10.22,10.3,-0.77,-0.08,,,2.017784353,1.735359333,,-0.91,-1.02,0.18,0.11,4.326426078,4.414426078,0.248,0.76591,367.3,-1.566355859,3.043914155,3.03875582,-0.601787626,0.806782224,0.804832415,61.49363838,143.6,49.85930795,140.87,48.50308675,73.74,232.1108129,3.74,3.618962175,2.122919994,2.118777959,3.967321247,3.862283119,,,,310.432,8660.49,192.168,68.4804,8.3,3614.86,-3.115761592,-3.115761592,2.461241836,-2.21267203,-2.21267203,19.362,0.36,0.845,0.152,11.51699763,0.301,0.778,22.439,17.677,6.698,-19.408,9.9392
1,-4.8,,0,0.0,0,0.0,0,0,0.0,0,0,0,8.49,0.13,11.38,9.75,11.39,-0.01,-1.64,,,2.330819466,,,0.99,0.9,0.72,0.8,2.063964766,2.019964766,0.65,4.57799,1142.3,-0.153380654,0.483073278,0.481354652,1.851662336,-5.237154176,-4.080772434,0.002795627,147.058,76.64902078,148.12,76.86793427,209.9,38.74252737,9.89,4.232373735,-2.191566912,-2.193008424,3.169235014,3.153208127,,,,0.0376405,3062.03,0.0202595,0.0031513,45.6,676.143,-1.652016595,-1.652075067,2.597620604,-0.91035625,-0.911155437,,0.555,0.995,0.291,39.68571406,0.463,0.894,23.735,,,-20.969,10.5636
1,-3.2,,0,0.0,0,0.0,0,0,1.0,0,1,0,8.16,0.18,11.43,10.28,11.46,-0.03,-1.18,,,2.346724509,,,0.92,0.9,0.74,0.75,2.116089644,2.112089644,0.539,4.04001,1108.3,-0.162543106,0.464482113,0.46259198,1.730920874,-4.901051766,-4.887653778,0.004011756,135.775,74.03830288,137.03,74.25485177,294.47,17.05459533,12.65,4.041533427,-2.036134473,-2.037716698,3.678429264,3.651088185,,,,0.0503792,8520.89,0.0271364,0.00448535,31.0,981.889,-1.682028545,-1.682007661,2.483133511,-0.942638237,-0.943327597,21.013,0.52,0.93,0.291,33.83237582,0.462,0.898,22.992,,,-20.941,10.5524
1,-4.8,,0,0.0,0,1.0,0,0,0.0,0,1,0,8.3,0.17,10.98,,10.98,0.0,,,,2.288338669,1.929878524,,0.7,0.66,0.72,0.76,2.144752414,2.116752414,0.577,2.66875,887.8,-0.347488082,0.671561323,0.669699005,1.562312355,-4.746269841,-4.572924258,0.006097394,123.601,64.90654939,124.5,65.04244575,182.75,30.66844726,9.47,4.001211955,-1.854314752,-1.855868168,3.1275378,3.110378652,,,,0.0773427,2684.81,0.0416508,0.00682229,47.8,379.171,-1.952277436,-1.952005151,2.380939883,-1.186477055,-1.186695287,21.001,0.425,1.0,0.293,20.77098613,0.375,0.908,22.951,19.0,7.537,-20.314,10.3016
1,-4.7,,0,0.0,0,1.0,0,0,0.0,0,0,0,7.89,0.34,,,,,,,,2.282009999,,,,,,,,,,,,,,,,,,,,,,,,,,,,,,,,,,,,,,,,,,,,,,0.515,0.94,0.248,35.51437431,0.495,0.865,23.384,,,-21.005,10.578
1,-2.1,,0,1.0,0,0.0,0,0,0.0,0,1,0,8.76,0.1,11.14,11.03,11.39,-0.25,-0.36,,,2.332680789,,,0.38,0.33,0.44,0.44,3.111460206,3.087460206,0.389,4.77566,1282.9,-0.407086875,1.059899957,1.056671494,0.940644756,-2.534277422,-2.535441977,0.128404829,112.528,81.03938675,115.68,81.05043782,637.14,4.56806749,18.53,3.377963578,-0.545345728,-0.548148578,2.362532931,2.332377474,,,,1.03393,347.385,0.576688,0.138209,128.8,69.3811,-1.655776761,-1.655140276,2.243933013,-0.857272742,-0.85643877,21.737,0.505,0.925,0.27,40.76236171,0.45,0.901,23.551,,,-20.842,10.5128
1,-3.2,,0,1.0,0,1.0,0,0,0.0,0,0,0,8.78,0.06,,,,,,,,2.413383597,,,,,,,,,,,,,,,,,,,,,,,,,,,,,,,,,,,,,,,,,,,,,,0.575,1.055,0.302,40.95230355,0.483,0.915,23.536,,,-21.166,10.6424
1,-4.9,,0,0.0,0,1.0,0,0,0.0,0,1,0,9.94,0.13,11.91,10.58,11.93,-0.02,-1.35,,,2.488635311,,,1.61,1.48,0.91,0.91,1.16254408,1.30654408,0.606,6.81539,1407.4,0.333781681,-0.422318315,-0.423671108,2.613113036,-7.001429575,-7.001429575,0.000173829,166.726,86.21259021,168.05,86.53401032,236.41,44.12898581,9.18,4.465177214,-3.469361619,-3.530322104,1.097582406,1.092453495,,,,0.00200435,35.6195,0.00108146,0.000187541,643.0,5.6013,-1.379842075,-1.381241915,2.769266523,-0.678356009,-0.680746077,21.737,0.535,0.995,0.327,53.17967264,0.502,0.88,23.298,,,-22.212,11.0608
1,-4.8,,0,0.0,0,1.0,0,0,0.0,0,1,0,9.47,0.13,11.55,,11.55,0.0,,,,2.390139938,,,0.96,0.92,0.68,0.68,2.221467958,2.202178786,0.499,4.32448,1224.2,-0.03852984,0.272666385,0.270530059,1.714454432,-4.645867935,-4.649017017,0.004367657,125.661,75.77070894,127.7,76.06232159,590.87,4.589221793,19.66,3.79185922,-2.001505562,-2.003320357,1.542509554,1.532335658,2.29854059,0.243645303,0.082492,0.0498139,74.9083,0.0269299,0.0048352,353.0,12.445,-1.547831615,-1.547854614,2.374774,-0.832762441,-0.833762356,,0.605,1.045,0.294,53.88366354,0.536,0.906,24.008,,,-21.123,10.6252
1,-2.2,,1,1.0,1,0.0,0,0,1.0,0,0,0,8.33,0.43,10.12,10.44,10.61,-0.49,-0.17,,,2.423393345,2.622286572,,-0.42,-0.51,0.08,0.11,3.653876406,3.861876406,0.26,2.111,710.0,-1.046754001,1.971762625,1.966604289,-0.082185768,-0.265369308,-0.267319116,5.384315982,100.487,80.8689426,102.47,79.31841271,243.94,19.66018846,5.64,2.920842713,1.050768464,1.046626429,2.25383003,2.235323601,,,,26.2915,233.884,16.2927,5.80852,183.2,33.377,-2.629107739,-2.629107739,2.108223271,-1.726017752,-1.725999264,19.826,0.545,0.97,0.288,10.76625364,0.5,0.916,22.335,15.278,3.954,-19.404,9.9376
1,-1.8,,1,1.0,0,0.0,0,0,0.0,0,0,0,8.26,0.12,10.19,10.08,10.44,-0.25,-0.36,,,2.239274447,2.342422681,,-0.71,-0.83,0.54,0.6,4.361657755,4.401657755,0.514,2.73169,609.7,-1.688470641,3.95926409,3.956817773,-0.080937421,-0.491674885,-0.492561494,36.94112965,168.92,59.97230446,168.58,59.97399042,19.26,10306.69122,2.79,4.910832582,1.922432206,1.920324339,3.755941668,3.754523083,,,,376.963,14999.0,200.834,39.4328,10.4,33458.7,-2.514524175,-2.514524175,2.977724977,-1.612889707,-1.612889707,19.791,0.565,0.965,0.227,16.01370412,,0.829,23.542,,,-19.11,9.82
1,-4.8,,0,0.0,0,1.0,0,0,1.0,0,1,0,9.2,0.09,11.52,10.19,11.54,-0.02,-1.35,,,2.472361457,,,0.88,0.84,0.67,0.63,2.286142566,2.306142566,0.447,4.13799,1228.9,-0.0506375,0.296092754,0.293770543,1.617044554,-4.346548428,-4.347024083,0.006325553,117.481,74.5119258,119.83,74.89315989,722.0,3.018808594,22.15,3.644922731,-1.84241549,-1.844394395,2.899448476,2.86498402,,,,0.0677197,1279.45,0.0367441,0.00696127,111.4,84.1747,-1.542122643,-1.541980422,2.296366784,-0.8289555,-0.829805782,,0.555,1.005,0.324,37.6287033,0.513,0.951,23.184,,,-21.443,10.7532
1,-1.5,,0,1.0,0,0.0,0,0,0.0,0,0,0,8.73,0.08,,,,,,,,2.402123762,,,,,,,,,,,,,,,,,,,,,,,,,,,,,,,,,,,,,,,,,,,,,,0.51,0.975,0.29,22.22076438,,0.879,23.064,,,-20.191,10.2524
1,-4.8,,0,0.0,0,1.0,0,0,0.0,0,0,0,8.51,0.37,10.8,,10.8,0.0,,,,2.466363368,,,0.26,0.27,0.62,0.77,2.860834878,2.712834878,0.704,3.54934,906.9,-0.755068653,1.710076747,1.708265016,1.18692916,-3.810077322,-3.803757419,0.059256517,151.551,70.46570295,151.94,70.48722127,64.56,417.5673182,5.0,4.445130481,-0.866383748,-0.867906903,3.728457703,3.716230882,,,,0.766982,11645.5,0.412702,0.0664046,37.0,1232.88,-2.016000461,-2.018141996,2.681521629,-1.197863479,-1.197666263,20.578,0.55,0.96,0.299,14.78892548,,0.907,22.678,,,-20.347,10.3148
1,-4.6,,0,1.0,0,0.0,0,0,0.0,0,0,0,7.62,0.33,9.73,10.05,10.22,-0.49,-0.17,,,2.045166448,,,-0.3,-0.31,0.16,0.15,3.131156615,3.135156615,0.265,0.78791,558.0,-0.868981256,1.113330094,1.108352498,0.126904808,-1.242176717,-1.244074034,0.641746671,36.151,46.89453898,41.01,46.21308015,357.28,2.732094769,7.33,2.253207053,0.131746288,0.127691461,2.016104922,1.934358884,,,,3.31172,105.944,2.02281,0.69234,84.2,22.7789,-2.955330911,-2.955330911,1.45241517,-2.052432481,-2.052423171,,0.51,0.91,0.251,11.01450141,0.471,0.872,23.026,,,-18.871,9.7244
1,-3.2,,0,1.0,0,0.0,0,0,0.0,0,0,0,8.65,0.18,10.04,10.08,10.36,-0.32,-0.28,,,2.381295623,,,-0.33,-0.29,0.54,0.6,3.428527402,3.128527402,0.513,1.18394,566.9,-1.14935007,2.148945615,2.146506757,0.459782034,-2.307454763,-2.30809494,0.568100225,113.415,52.87551435,113.51,52.79828722,66.28,161.2944856,5.73,3.946532012,0.109484348,0.107380829,2.771858858,2.765051151,,,,5.80733,1295.76,3.14216,0.618099,109.8,56.7174,-2.714098542,-2.852045569,2.277833752,-1.831641018,-1.833152667,,,0.97,0.286,8.270731755,,0.961,22.396,,,-17.399,9.1356
1,-1.8,,1,1.0,0,0.0,0,0,0.0,0,0,0,8.87,0.41,10.39,10.33,10.66,-0.27,-0.33,,,2.256621546,,,0.19,0.2,0.63,0.6,2.498728105,2.518728105,0.436,1.31703,651.2,-0.665716764,1.051646749,1.049192903,0.939923961,-3.392710407,-3.393320973,0.045925906,94.356,53.37139688,95.25,53.31006636,203.98,12.62173949,10.89,3.516203622,-0.982556022,-0.984668189,1.719554804,1.712285353,,,,0.46847,113.474,0.254701,0.0502801,248.4,8.47123,-2.40698656,-2.406634172,2.039984871,-1.581680475,-1.581110655,,0.54,0.94,0.314,13.77098809,0.414,0.878,22.745,,,-19.344,9.9136
1,-1.3,,1,1.0,1,0.0,0,0,0.0,1,0,0,6.84,0.12,9.99,10.61,10.7,-0.71,-0.09,,,2.109713505,2.208844289,,-0.18,-0.15,0.45,0.5,3.022544342,2.854544342,0.454,0.929438,551.2,-0.925235202,1.465234369,1.462322793,0.52213482,-2.458050156,-2.45903599,0.217437653,88.405,49.91047827,88.93,49.75356803,160.13,16.34617438,9.47,3.375536807,-0.310547967,-0.313054835,4.032105277,3.962587734,,,,1.93997,13766.8,1.06547,0.235728,12.0,1095.15,-2.744242803,-2.743777911,1.952151422,-1.867580202,-1.867141807,,0.565,0.99,,18.52585846,0.654,0.895,23.299,,,-19.612,10.0208
1,-4.4,,0,0.0,0,1.0,0,0,1.0,0,0,0,8.95,0.05,11.61,,11.61,0.0,,,,2.443403817,2.275472601,,0.94,1.04,0.89,0.9,2.110829827,1.886829827,0.6,6.92834,1300.0,-0.130070179,0.578664842,0.577218098,2.107927418,-5.870795946,-1.689024404,0.001753014,177.7,85.95804303,178.54,86.12270624,95.57,307.8921903,5.39,4.657854433,-2.429495912,-2.466229648,3.032213204,3.022951605,,,,0.0219647,2659.24,0.0113237,0.00193483,58.8,798.777,-1.51609619,-1.526745202,2.883573432,-0.769461674,-0.771799894,,0.55,1.0,0.292,39.95491178,0.663,0.931,23.229,13.778,3.959,-21.726,10.8664
1,-0.8,,1,1.0,1,0.0,0,0,0.0,0,0,0,8.18,0.08,10.6,10.84,11.04,-0.44,-0.2,,,2.239149265,1.80106053,,0.12,-0.05,0.41,0.36,3.199293003,3.307293003,0.339,2.9281,933.3,-0.731352502,1.478270384,1.474616881,0.513614453,-1.765675732,-1.767024181,0.509260198,104.624,72.60942166,106.68,72.20042047,359.13,8.975681275,12.67,3.269451135,0.048270452,0.045122705,2.745853099,2.703525871,,,,3.66904,750.843,2.07713,0.544492,66.6,140.578,-2.169482543,-2.169369636,2.152542118,-1.291611397,-1.291113609,,0.555,0.99,0.268,25.29672608,0.637,0.888,23.166,16.357,5.64,-19.929,10.1476
1,-4.7,,0,1.0,1,0.0,0,0,0.0,0,0,0,7.85,0.17,9.95,9.89,10.22,-0.27,-0.33,,,2.065542371,,,-0.28,-0.25,0.43,0.47,3.196604398,3.096604398,0.426,1.12621,587.5,-0.997950805,1.711012303,1.707945975,0.392566913,-2.027480609,-2.028575993,0.488292351,97.285,53.89907882,98.03,53.78227111,150.75,23.62789294,8.99,3.454683977,0.034161874,0.031491311,2.767893125,2.748332885,,,,4.08328,977.067,2.25316,0.520651,42.4,223.0,-2.7211207,-2.720093621,2.0594536,-1.832529064,-1.832219074,,0.455,0.935,0.251,9.408817139,0.414,0.848,22.589,,,-18.886,9.7304
1,-1.6,,0,1.0,1,0.0,0,0,0.0,0,0,0,7.82,0.1,10.56,10.35,10.77,-0.21,-0.42,,,2.235124264,,,0.14,-0.01,0.49,0.41,3.038612144,3.222612144,0.343,2.86366,917.9,-0.725527045,1.473973888,1.470622104,0.589462268,-2.009726813,-2.010947671,0.378230431,110.342,71.33882625,111.93,70.95966872,324.1,10.73784924,12.89,3.402410032,-0.075831791,-0.078739677,3.221203707,3.165439049,,,,2.95569,2164.61,1.65536,0.40777,38.6,328.539,-2.154277026,-2.154091826,2.202488317,-1.286678335,-1.286090485,,0.5,0.97,0.241,19.4631224,0.602,0.881,23.133,,,-19.915,10.142
1,-4.8,,0,0.0,0,1.0,0,0,1.0,0,0,1,9.36,0.04,11.75,,11.75,0.0,,,,2.450218306,2.398755716,,1.15,1.01,0.82,0.73,1.983235574,2.183235574,0.437,7.14353,1524.2,0.055734911,0.28147043,0.27952416,1.916234627,-4.978911347,-5.001545869,0.002971603,156.323,89.53265983,158.34,89.86842891,538.58,9.012246612,18.22,4.111541687,-2.167179757,-2.168812835,2.073267549,2.060915922,,,,0.0364981,251.946,0.0196774,0.00331413,210.0,54.1498,-1.321340521,-1.321752115,2.633093589,-0.615238115,-0.616726943,,0.565,0.975,0.31,47.22940929,0.532,0.929,23.253,13.874,4.639,-21.869,10.9236
1,-4.7,,0,0.0,0,0.0,0,0,0.0,0,0,0,8.07,0.36,10.75,10.06,10.83,-0.08,-0.77,,,2.251784177,1.996248915,,0.53,0.43,0.36,0.46,2.542245235,2.474245235,0.457,1.53509,775.6,-0.317208269,0.400032989,0.396941362,1.066764515,-3.316417308,-3.317523673,0.024336885,65.593,51.47430396,68.44,51.8684851,732.23,1.127813527,20.44,2.885789184,-1.265792582,-1.268483285,2.475166875,2.416693645,,,,0.203445,392.669,0.112825,0.026239,101.4,30.3497,-2.07551654,-2.074777665,1.737575067,-1.302693921,-1.302023929,,0.515,0.99,0.286,19.11939345,0.594,0.91,23.031,16.224,5.334,-20.011,10.1804
1,-4.3,,0,0.0,0,1.0,0,0,1.0,0,1,1,9.85,0.02,11.67,,11.67,0.0,,,,2.509202522,,,1.22,0.85,1.0,0.77,1.766810495,2.410810495,0.331,8.07896,1451.3,-0.214974609,0.867958319,0.866146577,1.727023203,-4.652195746,-4.56602462,0.008516668,178.758,92.36342622,179.94,92.4888183,223.89,60.0694558,10.56,4.438342928,-1.708502174,-1.710025329,1.720660108,1.715635647,,,,0.110324,136.922,0.0594052,0.00955951,326.4,27.9371,-1.417136999,-1.417081397,2.831069526,-0.669111603,-0.669687709,,0.56,0.98,0.277,35.69737399,0.723,0.925,22.787,,,-21.591,10.8124
1,-5,,0,0.0,0,0.0,0,1,0.0,0,0,0,7.1,0.32,,,,,,,,2.118826663,,,,,,,,,,,,,,,,,,,,,,,,,,,,,,,,,,,,,,,,,,,,,,0.09,0.66,0.038,4.979196932,,,21.421,,,-18.664,9.6416
1,-5,,0,0.0,0,0.0,0,1,0.0,0,0,0,8.76,0.24,9.47,,9.47,0.0,,,,2.220395778,,,-0.72,-0.73,0.42,0.44,3.659252016,3.619252016,0.4,0.596433,418.1,-1.463527766,2.648132658,2.644904195,-0.115796135,-0.946044722,-0.947209297,4.897778828,105.858,46.20125654,105.1,45.76093267,55.95,176.9917494,5.3,3.760601195,1.042886974,1.040084124,1.823757262,1.825576895,,,,40.061,180.368,22.1467,5.30098,190.0,10.5057,-3.182589999,-3.182589999,2.162196863,-2.279791893,-2.280603242,,0.56,1.03,0.283,1.736983483,0.73,0.975,21.002,,,-16.918,8.9432
1,-1.9,,0,1.0,0,0.0,0,0,0.0,0,0,0,8.65,0.04,10.79,10.86,11.13,-0.34,-0.27,,,2.35148709,2.177276711,,0.01,0.06,0.36,0.47,3.542544342,3.226544342,0.47,4.00884,1050.6,-0.677236491,1.53239829,1.529356958,0.719829584,-2.228157347,-2.229240973,0.31009224,131.55,76.50980624,131.55,78.06845989,311.39,16.03626444,13.24,3.657792872,-0.16157816,-0.16422781,2.6841389,2.662639469,,,,2.62393,793.679,1.47169,0.338702,93.8,136.139,-1.954133515,-1.954133515,2.382846995,-1.1051143,-1.1051143,,0.555,0.975,0.269,32.00706509,0.465,0.89,23.435,18.242,7.794,-20.48,10.368
1,-4.6,,0,0.0,0,0.0,0,0,1.0,0,1,0,8.67,0.05,11.01,10.18,11.07,-0.06,-0.89,,,2.3984782,,,0.77,0.71,0.73,0.73,1.971066006,2.051066006,0.517,2.3831,862.8,-0.277633958,0.475304013,0.473346677,1.576101803,-4.763550458,-4.739337816,0.00476017,114.58,61.07495679,114.58,62.51813874,255.0,13.49587393,11.77,3.829246428,-1.962645709,-1.964289691,2.750569969,2.733214232,,,,0.0582456,1171.5,0.0313766,0.00530395,113.6,63.5145,-1.960657278,-1.960657278,2.269510609,-1.20532517,-1.20532517,,0.595,1.0,0.31,36.93257591,0.689,0.937,24.109,,,-20.481,10.3684
1,-4.6,,0,1.0,0,0.0,0,0,0.0,0,0,0,7.77,0.06,10.08,10.02,10.35,-0.27,-0.33,,,2.1935698,,,-0.46,-0.38,0.41,0.48,3.622478728,3.454478728,0.445,1.65224,645.1,-1.139752686,2.231121345,2.228070174,0.266430442,-1.55490434,-1.555951095,1.508882909,122.932,60.30148729,123.39,60.29052093,106.14,81.79297609,7.47,3.818772272,0.5239026,0.521277988,3.550814342,3.525326179,,,,12.7858,5667.87,7.0469,1.60861,23.8,1105.71,-2.620449751,-2.620420754,2.342728553,-1.724902966,-1.72472551,,0.505,0.965,0.309,13.3352248,0.598,0.886,23.252,,,-19.186,9.8504
1,-1.9,,0,1.0,0,0.0,0,0,0.0,0,0,0,7.83,0.14,,,,,,,,2.270725407,,,,,,,,,,,,,,,,,,,,,,,,,,,,,,,,,,,,,,,,,,,,,,0.54,0.97,0.285,18.37844907,0.406,0.843,23.295,,,-19.543,9.9932
1,-2.1,,0,1.0,1,0.0,0,0,0.0,0,0,0,7.28,0.35,9.79,10.05,10.24,-0.45,-0.19,,,2.048907701,,,-0.21,-0.31,0.36,0.3,3.114576994,3.162576994,0.309,0.936093,569.9,-0.949082633,1.447431428,1.443354351,0.214688872,-1.511791262,-1.513300863,0.663593725,72.141,53.0508356,73.75,52.53427504,245.89,7.002299648,9.54,2.877422438,0.159588424,0.156139282,2.893851104,2.815978145,,,,4.34074,881.763,2.4994,0.709101,34.2,141.649,-2.854645076,-2.856853994,1.784769875,-1.95411007,-1.954031928,,0.39,0.895,0.276,11.80989002,0.32,0.805,22.982,,,-18.9,9.736
1,-0.8,,1,1.0,1,0.0,0,0,0.0,0,0,0,7.9,0.2,10.28,10.73,10.86,-0.58,-0.13,,,2.147892645,2.192121222,,-0.27,-0.13,0.43,0.48,3.343421388,3.139421388,0.436,1.77835,714.6,-0.898036692,1.674348012,1.671296841,0.508146436,-2.111677672,-2.112724432,0.414587086,109.089,61.43582549,109.82,61.15017914,185.17,22.69820203,10.12,3.558347972,-0.032870734,-0.035495346,3.034829185,3.008172745,,,,3.54776,1712.13,1.95816,0.447147,38.6,342.776,-2.456963077,-2.456830012,2.18968117,-1.578924457,-1.578489851,,0.49,0.97,,19.54182423,0.476,0.89,22.992,,,-21.122,10.6248
1,-4.8,,0,0.0,0,0.0,0,0,0.0,0,0,0,8.59,0.06,11.24,10.22,11.28,-0.04,-1.06,,,2.357534655,,,0.61,0.88,0.74,0.94,2.507004927,1.847004927,0.871,4.70614,1040.4,-0.348303225,0.886568389,0.885244604,2.011164806,-5.940818782,-0.05371593,0.013246239,164.026,75.11034577,164.46,75.21991361,35.6,1851.114655,2.69,4.717064492,-1.944415485,-2.348595621,3.352578024,3.344859941,,,,0.0316691,5939.94,0.0171148,0.0131976,29.0,2779.71,-1.777624337,-1.777770107,2.826157116,-1.006312084,-1.006876045,,0.54,0.975,0.323,23.79197728,0.45,0.904,22.707,,,-20.422,10.3448
1,-4.6,,0,0.0,0,1.0,1,0,0.0,0,0,0,9.66,0.1,11.56,,11.56,0.0,,,,2.519171464,,,0.86,0.8,0.7,0.72,2.416305859,2.428050331,0.538,6.7545,1405.5,-0.170201642,0.713065061,0.711058024,1.658874561,-4.446303289,-4.448351587,0.009145726,160.15,88.03437591,161.69,88.27822334,352.57,19.82367485,14.31,4.179911033,-1.679962288,-1.681644029,1.836506746,1.828750501,3.68453663,0.287393857,0.280014,0.109596,159.094,0.0583773,0.0100146,342.6,20.9894,-1.444932166,-1.444805155,2.668803235,-0.706348012,-0.706944765,,0.635,1.0,0.328,32.75260541,,0.933,22.807,,,-21.497,10.7748
1,-4.5,,0,0.0,0,0.0,0,0,0.0,0,1,0,8.26,0.04,11.07,10.16,11.12,-0.05,-0.96,,,2.218062618,,,1.11,1.09,0.86,0.83,1.465657755,1.353657755,0.526,1.74416,756.7,0.001893357,-0.271118545,-0.272764228,2.067504147,-6.180125617,-4.50806419,0.000392956,102.619,55.62704439,103.65,55.86130421,244.58,10.6687292,10.54,3.797384944,-3.044711825,-3.046038924,2.747581696,2.730681024,,,,0.00546464,1158.43,0.00294229,0.000442161,65.0,131.338,-2.023344701,-2.023840382,2.160639574,-1.298774059,-1.300096398,,0.445,0.94,0.273,23.74351487,0.368,0.869,23.355,,,-20.334,10.3096
1,-4.6,,0,1.0,0,0.0,0,0,0.0,0,0,0,7.13,0.18,9.78,9.76,10.07,-0.29,-0.31,,,2.005823753,,,-0.62,-0.61,0.42,0.51,3.967011451,3.771011451,0.476,1.53325,577.4,-1.380261155,2.838832705,2.835934678,0.068920861,-1.09117755,-1.092161282,5.036007622,136.122,57.96063438,135.06,57.26645898,55.86,390.3232283,5.36,4.157463016,1.060354263,1.057853322,4.214680254,4.191004323,,,,45.6797,26950.2,24.8572,5.4764,6.4,14618.6,-2.729165172,-2.729158188,2.510692431,-1.82845198,-1.828384693,19.38,0.31,0.79,0.153,9.649032003,0.271,0.757,22.593,,,-19.022,9.7848
1,-2.8,,0,1.0,0,1.0,0,0,0.0,0,0,0,9.51,0.05,10.49,10.34,10.7206,-0.23,-0.39,,,2.544824299,,,0.21,-0.15,0.58,0.51,3.018218338,3.410575406,0.382,3.25414,872.5,-0.941163407,2.049940141,2.047075224,0.518778301,-1.915694343,-1.916662829,0.800164497,142.744,72.95030664,143.18,72.74247044,150.2,66.14486511,9.14,3.957659399,0.253710587,0.251238902,2.703534376,2.693872258,2.30957131,0.299089485,0.27454,7.19038,980.861,3.94984,0.865167,173.0,49.7115,-2.206310869,-2.206163436,2.514980503,-1.32924035,-1.328814193,,0.65,1.09,0.339,14.43514062,,,22.78,,,-19.848,10.1152
1,-1.8,,1,1.0,1,0.0,1,0,0.0,0,0,0,7.24,0.14,9.74,10.79,10.83,-1.09,-0.04,,,2.149926959,2.041392685,,-0.44,-0.74,0.37,0.27,3.664312369,3.984312369,0.285,1.966,637.3,-1.239417255,2.512753413,2.508558833,-0.114121572,-0.317409417,-0.319037686,9.220757499,138.972,68.48394588,139.4,68.77011903,131.52,77.32892349,6.75,3.611531448,1.290981092,1.287392802,3.738454809,3.669870624,,,,56.4226,6264.42,32.7665,9.62874,16.2,1679.42,-2.666746236,-1.446177633,2.425363012,-1.763676916,-1.762597028,,0.445,0.875,0.242,40.26846758,0.349,0.792,24.298,16.225,5.307,-19.397,9.9348
1,-4.3,,0,0.0,0,1.0,0,0,0.0,0,1,1,10.3,0.44,12.26,,12.26,0.0,,,,2.594436751,,,1.73,1.43,0.91,0.83,1.331702106,1.691702106,0.477,9.37373,1740.1,0.369695308,-0.285358594,-0.286982664,2.450048097,-6.241258952,-4.457874756,0.000360283,175.629,96.98787276,177.61,97.46173843,540.85,11.60607456,16.87,4.355245873,-3.081144705,-3.082735953,0.995222972,0.989419145,,,,0.00506318,26.1024,0.00272591,0.00040873,1024.2,3.13976,-1.157411352,-1.158960423,2.791434487,-0.475519494,-0.478350744,,0.6,1.055,0.344,68.94235416,0.545,0.969,23.392,,,-22.629,11.2276
1,-4.4,,0,1.0,0,0.0,0,0,0.0,0,1,0,8.0,0.08,10.93,11.08,11.31,-0.38,-0.23,,,2.32621293,1.868938178,,0.18,0.05,0.42,0.4,3.464740446,3.536740446,0.363,7.20385,1365.7,-0.627720489,1.664336091,1.660894547,0.66613492,-1.747303346,-1.748563494,0.639186222,149.406,96.67500212,151.5,96.13096486,421.19,15.6474416,14.41,3.652131752,0.150656564,0.147677546,3.473692153,3.408612367,,,,4.87714,3696.56,2.73446,0.685806,34.4,747.556,-1.677076066,-1.676807735,2.511599975,-0.822610695,-0.82188963,,0.525,0.96,0.214,43.11241391,0.407,0.799,23.222,15.878,4.649,-21.68,10.848
1,-4.8,,0,0.0,0,1.0,0,0,1.0,0,0,0,8.85,0.23,11.41,,11.41,0.0,,,,2.400365273,,,0.65,0.64,0.62,0.76,2.652811483,2.516811483,0.678,6.50867,1284.1,-0.358687157,1.082819467,1.080957147,1.55111328,-4.335011697,-4.119314103,0.015722925,169.445,86.19009877,170.49,86.23714101,178.1,79.05671102,9.33,4.395716309,-1.443056609,-1.444610025,2.928862804,2.917246671,,,,0.199379,1853.74,0.107413,0.0175951,65.2,535.362,-1.570305845,-1.569987867,2.772375257,-0.802956645,-0.803147053,,0.555,1.045,0.297,32.18200178,0.533,0.955,23.301,,,-21.028,10.5872
1,-2.8,,0,1.0,0,0.0,0,0,0.0,0,0,0,5.94,0.38,,,,,,,,1.78604121,1.953807998,,,,,,,,,,,,,,,,,,,,,,,,,,,,,,,,,,,,,,,,,,,,21.262,0.2,0.675,-0.012,11.16,0.172,0.638,23.868,11.802,1.79,-17.906,9.3384
1,-2.1,,0,1.0,0,0.0,1,0,0.0,0,1,0,7.65,0.12,10.71,10.94,11.14,-0.43,-0.2,,,2.014478535,2.556953454,,0.04,0.04,0.08,0.34,3.415374987,3.303374987,0.424,3.58182,1067.0,-0.620527842,1.328948269,1.325163136,0.597088305,-1.820180571,-1.821584001,0.406841985,99.371,76.16388448,102.47,75.882829,483.73,5.964663528,14.04,3.168212902,-0.053384969,-0.056631977,2.756286315,2.697740356,,,,2.82091,706.657,1.60317,0.43107,37.2,264.765,-1.991284883,-1.991110395,2.123292903,-1.12615879,-1.125491511,21.885,0.27,1.14,,31.14754023,,0.873,23.567,12.565,5.283,-20.546,10.3944
1,-2.9,,0,0.0,0,0.0,0,0,0.0,0,0,0,5.67,0.36,,,,,,,,1.620968436,,,,,,,,,,,,,,,,,,,,,,,,,,,,,,,,,,,,,,,,,,,,,23.536,0.35,0.87,0.097,7.296108085,,,23.795,,,-16.127,8.6268
1,-2,,0,1.0,0,0.0,0,0,1.0,0,0,0,9.03,0.4,10.97,11.35,11.5,-0.53,-0.15,,,2.271027994,1.885474303,,0.0,-0.15,0.49,0.47,3.710259649,3.854259649,0.394,8.06278,1191.6,-0.931577159,2.4079649,2.404906538,0.463733291,-1.345798925,-1.34688575,2.376747405,193.831,95.99159148,194.34,95.73787961,174.34,119.1871765,9.74,4.236953316,0.722821045,0.720163758,2.365036428,2.362348533,,,,20.0167,508.91,11.08,2.55346,72.8,591.464,-1.825733712,-1.825637775,2.865714402,-0.943068482,-0.942687713,22.174,,,,37.87847517,,,23.457,17.507,3.573,-21.121,10.6244
1,-4.7,,0,0.0,0,1.0,0,0,0.0,0,0,0,9.67,0.15,11.49,,11.49,0.0,,,,2.499136995,,,0.88,0.84,0.82,0.72,2.404092654,2.41871139,0.42,7.1099,1450.6,-0.138522725,0.671260655,0.669253617,1.690553478,-4.488107695,-4.502868088,0.00829675,161.909,89.59411077,163.5,89.80721109,379.25,18.00433697,14.95,4.182135271,-1.721766694,-1.723448435,1.779160209,1.771510209,2.295881,0.700932469,0.143491,0.0995385,139.782,0.0530279,0.00909714,331.8,23.4621,-1.406844684,-1.406773585,2.679201605,-0.67311138,-0.67381371,21.001,0.58,1.055,0.31,61.35896914,,0.944,24.002,,,-21.785,10.89
1,-4.1,,0,0.0,0,1.0,0,0,0.0,0,1,1,9.87,0.14,11.87,,11.87,0.0,,,,2.536987475,,,0.67,1.03,0.38,0.42,2.910169864,2.82445776,0.399,4.26231,1437.6,-0.066948659,0.423036311,0.419699294,1.25299814,-3.077168058,-3.078381241,0.033100386,80.061,71.49759428,85.66,72.45024023,1465.27,0.967485773,27.2,3.006918416,-1.135118835,-1.138011304,1.235651216,1.21825784,0.74199245,0.199595969,0.198542,0.259014,28.3907,0.144977,0.0355697,830.8,2.79859,-1.389378159,-1.388515124,1.987005385,-0.682927485,-0.682868892,22.407,0.57,1.065,0.339,70.45365532,,0.94,23.754,,,-22.341,11.1124
1,-3.1,,0,0.0,0,1.0,0,0,0.0,0,0,0,9.52,0.06,11.44,,11.44,0.0,,,,2.490141154,,,1.16,0.95,0.78,0.73,1.9036616,2.17576818,0.468,5.60702,1333.6,-0.029289986,0.340914246,0.338940318,1.818339848,-4.877738918,-4.592048149,0.003621276,146.14,80.24471788,146.14,82.52649916,461.59,9.458704167,16.68,4.032008613,-2.081493554,-2.083160148,1.903547407,1.892817823,0.01226341,0.003419039,0.002788,0.0440244,181.54,0.0234344,0.00397746,313.6,20.1446,-1.46773368,-1.46773368,2.542821694,-0.749816728,-0.749816728,22.472,0.69,1.17,0.33,51.33859982,,,23.631,,,-21.891,10.9324
1,-4.9,,0,0.0,0,0.0,0,0,0.0,0,0,0,8.19,0.1,10.9,,10.9,0.0,,,,2.261476989,2.007235538,,0.86,0.76,0.52,0.57,1.953045958,1.981045958,0.487,1.31363,719.6,-0.067402618,-0.144982857,-0.147570337,1.48476779,-4.415111554,-4.415957152,0.003582263,65.367,47.77908207,67.82,48.29280746,916.02,0.626406566,24.87,2.959883818,-2.092344434,-2.094579105,2.368913658,2.322920328,,,,0.0349367,342.088,0.0190875,0.00390962,126.4,19.4335,-2.006643581,-2.006249956,1.709953098,-1.294490365,-1.295061431,,0.43,0.905,0.239,20.70299884,0.378,0.846,22.887,16.235,4.605,-20.377,10.3268
1,-4.9,,0,1.0,0,1.0,0,0,0.0,0,0,0,8.83,0.06,10.96,11.11,11.34,-0.38,-0.23,,,2.372930405,,,0.44,0.32,0.6,0.56,2.525485989,2.898158165,0.417,4.13181,1104.0,-0.504055749,1.197942256,1.195327004,1.038153479,-3.039507144,-3.040368828,0.082005015,131.004,77.06863765,132.55,77.01638024,342.96,13.18561076,14.52,3.770458786,-0.733145767,-0.73540463,2.540409257,2.522794847,0.009633144,0.001425705,0.001504,0.792632,625.023,0.433014,0.0893074,116.2,96.5064,-1.805474558,-1.804903289,2.406569132,-1.003548748,-1.002965913,,0.635,1.01,0.297,39.39244758,0.502,0.916,23.443,,,-21.262,10.6808
1,-4.9,,0,1.0,0,0.0,0,0,0.0,0,0,0,8.41,0.22,10.26,10.03,10.46,-0.2,-0.43,,,2.36272745,,,-0.14,-0.2,0.52,0.51,3.15723073,3.18123073,0.421,1.68011,678.0,-0.986915119,1.873101537,1.870250928,0.477138574,-2.106215381,-2.107178311,0.525599156,115.075,59.94606038,115.66,59.80372515,133.98,44.77093572,8.58,3.728297341,0.06998744,0.067527281,3.032119796,3.014174044,,,,4.72688,1878.49,2.5982,0.567416,73.4,139.88,-2.518448453,-2.518433286,2.262275438,-1.637391251,-1.637010767,18.427,0.68,1.12,0.295,7.750549538,0.721,0.953,22.301,,,-19.381,9.9284
1,-4.8,,0,0.0,0,1.0,1,0,0.0,0,1,0,9.04,0.06,11.55,,11.55,0.0,,,,2.375132994,2.62329065,,1.08,0.98,0.81,0.76,1.849130132,2.005130132,0.48,4.55555,1200.9,-0.028490117,0.240941076,0.239078763,1.88131032,-5.176890088,-4.971534329,0.002260693,137.874,76.87069839,139.41,77.0980475,380.93,11.3786788,14.65,4.034326528,-2.284935,-2.286488415,2.276870696,2.263681119,,,,0.0286945,401.789,0.0154565,0.0025319,145.2,71.5932,-1.572718427,-1.572976671,2.498125767,-0.851715163,-0.852874234,,0.565,1.03,0.317,32.05155399,0.431,0.939,23.122,16.444,5.613,-21.154,10.6376
1,-4.8,,0,0.0,0,1.0,0,0,0.0,0,0,0,9.57,0.17,11.52,,11.52,0.0,,,,2.505773828,,,0.95,0.9,0.64,0.62,2.29592255,2.258551102,0.461,3.96999,1236.2,0.015615364,0.159981757,0.157613655,1.664947328,-4.422941356,-4.423752838,0.004960363,110.953,72.90957882,113.64,73.38879453,882.51,1.999709956,24.74,3.553433001,-1.948914784,-1.950932283,1.653208413,1.637636616,0.62617963,0.4033223,0.425106,0.0522832,85.9853,0.0283943,0.00544536,499.2,5.97546,-1.513685726,-1.513668719,2.237686971,-0.813769978,-0.814922701,22.439,0.57,1.07,0.325,76.57809344,0.471,0.892,24.057,,,-22.276,11.0864
1,-4.9,,0,0.0,0,1.0,0,0,1.0,0,0,0,8.77,0.16,11.87,,11.87,0.0,,,,2.494599796,,,1.3,1.16,0.83,0.75,1.808049495,2.012049495,0.444,6.74133,1513.1,0.162980874,0.038917984,0.037027851,2.056444854,-5.326615894,-5.31472955,0.00150616,151.102,87.54175406,153.22,87.94958239,623.1,6.401648494,19.67,4.0721199,-2.461698602,-2.463280827,3.199318387,3.172750023,,,,0.0189098,2847.14,0.010188,0.00168404,77.8,278.529,-1.309941321,-1.310705351,2.594204647,-0.617007342,-0.619004118,22.688,,,0.316,55.10592396,,,23.925,,,-21.797,10.8948
1,-2.7,,0,1.0,0,0.0,0,0,0.0,0,0,0,9.3,0.08,11.07,10.38,11.15,-0.08,-0.77,,,2.587980211,,,0.38,0.41,0.49,0.55,3.081285814,2.753285814,0.482,3.55658,1080.9,-0.39752606,0.916206318,0.913509847,1.118788252,-3.235414937,-3.236308259,0.047227445,116.441,71.53573754,117.17,72.78624833,465.58,6.124981919,17.09,3.570137149,-0.972841706,-0.975165842,2.340692123,2.320171549,,,,0.447231,405.944,0.244631,0.0514355,313.0,13.1898,-1.793122875,-1.793122875,2.264647848,-1.010781185,-1.010781185,,0.615,1.04,0.335,25.98609134,0.53,0.923,23.317,,,-20.755,10.478
1,-1.9,,0,1.0,0,0.0,0,0,0.0,0,0,0,8.51,0.12,,,,,,,,2.385784959,,,,,,,,,,,,,,,,,,,,,,,,,,,,,,,,,,,,,,,,,,,,,,0.595,1.045,0.335,35.59569204,0.514,0.958,23.379,,,-20.973,10.5652
1,-4.9,,0,0.0,0,1.0,0,0,0.0,0,0,0,9.35,0.05,11.46,,11.46,0.0,,,,2.445495227,2.177103432,,1.0,0.77,0.51,0.54,2.357121521,2.504568337,0.46,4.11869,1320.4,-0.012047506,0.265934734,0.263204251,1.491779289,-3.844749737,-3.845657845,0.011115241,99.542,73.06848734,103.23,73.6822778,1161.69,1.30111697,27.77,3.32954045,-1.60262584,-1.604981317,2.773964748,2.719947564,2.84837023,0.828875737,0.271846,0.103795,824.673,0.0568993,0.0120677,114.4,63.7019,-1.450876526,-1.450492212,2.138779371,-0.752930614,-0.753691034,,,0.97,0.331,37.50112008,,,24.064,,,-20.919,10.5436
1,-1.9,,1,1.0,0,0.0,0,0,0.0,0,0,0,7.06,0.2,10.17,10.67,10.79,-0.62,-0.12,,,2.107142106,2.083896603,,-0.52,-0.59,0.25,0.33,4.109287407,4.053287407,0.372,3.26283,762.2,-1.2020753,2.644733331,2.640868403,0.003541686,-0.461244601,-0.462672888,8.847667186,161.281,76.15291827,161.28,76.04480916,129.44,119.6804461,7.43,3.896344515,1.28340663,1.280112977,4.195693852,4.123106713,,,,60.4335,18318.4,34.2201,9.29713,8.8,5922.74,-2.413504965,-2.439207744,2.62221195,-1.510757502,-1.510764541,20.18,0.44,0.905,0.227,18.46958408,0.311,0.803,22.951,16.675,4.889,-20.001,10.1764
1,-2.7,,0,1.0,0,0.0,0,0,0.0,0,0,0,6.96,0.3,9.34,10.04,10.12,-0.78,-0.08,,,1.83231727,,,-0.41,-0.4,0.42,0.45,2.97051393,2.82651393,0.416,0.405176,394.2,-1.103090217,1.52239392,1.519247634,0.267597732,-2.148845103,-2.149971849,0.340190031,71.16,39.58604937,71.16,40.07783801,123.08,14.25937299,8.04,3.112494101,-0.121464631,-0.12419644,2.927373246,2.896011569,,,,2.80339,1409.78,1.55283,0.365218,21.0,281.892,-3.225184605,-3.225184605,1.690251914,-2.329166206,-2.329166206,21.742,0.38,0.9,0.154,15.11753857,0.3,0.815,23.565,,,-19.14,9.832
1,-4.8,,0,0.0,0,1.0,0,0,0.0,0,0,0,9.36,0.09,11.69,10.36,11.71,-0.02,-1.35,,,2.501196242,,,1.15,1.11,0.72,0.72,1.911542481,1.903542481,0.507,4.33825,1266.3,0.180727488,-0.163681575,-0.165691582,2.008090118,-5.317581946,-5.313163439,0.001221862,122.623,75.00962146,124.89,75.49554173,794.92,2.605420839,22.98,3.774267685,-2.553989973,-2.555676432,1.988551126,1.971525201,,,,0.0146316,191.66,0.00779552,0.00133873,330.8,13.8604,-1.464979458,-1.465744109,2.35141942,-0.780004425,-0.782121422,21.445,0.625,1.07,0.334,37.80450223,0.505,0.925,22.98,,,-21.963,10.9612
1,-4.8,,0,0.0,0,1.0,0,0,0.0,0,1,0,9.09,0.15,11.9,,11.9,0.0,,,,2.46155855,,,1.67,1.32,0.92,0.83,1.190053841,1.678053841,0.452,6.69406,1459.2,0.254505236,-0.199334338,-0.200980029,2.320116026,-6.108341411,-4.814608046,0.000463354,157.904,86.64716967,159.62,87.01129748,437.56,12.5859886,14.96,4.24775553,-2.972927617,-2.974254716,2.617143094,2.601908065,,,,0.00644584,879.481,0.00346987,0.000521049,122.4,141.263,-1.34106754,-1.342234932,2.669014536,-0.646915088,-0.64922688,22.165,0.58,1.005,0.31,46.26491792,0.486,0.824,22.967,,,-22.414,11.1416
0,3.3,,0,1.0,0,0.0,0,0,1.0,1,0,0,6.25,0.11,9.46,9.81,9.97,-0.51,-0.16,2.0,17.0,2.171433901,2.184691431,11.66,-0.17,-0.34,0.34,0.26,3.374516371,3.466516371,0.287,1.7001,708.5,-0.94663967,1.684100887,1.679820513,0.165427785,-1.098125629,-1.099786256,1.432227333,90.074,65.99574859,91.89,65.36514809,262.81,11.23524301,8.95,3.14520159,0.486475317,0.482914221,4.004798052,3.731123316,,,,8.70879,6521.86,5.13271,1.53604,9.0,824.285,-2.617142214,-2.617142147,2.001703432,-1.715143077,-1.715100256,23.296,0.855,1.49,,17.09154874,0.177,0.916,24.944,9.397,0.142,-18.866,9.7224
0,5,,0,1.0,0,0.0,0,0,1.0,0,0,0,9.44,0.13,12.36,11.03,12.38,-0.02,-1.35,2.0,2.7,2.431363764,,,1.34,1.72,0.16,0.39,,,,,,,,,,,,,,,,,,,,,,,,,,,,,,,,,,,,,,,23.117,0.43,1.56,,51.59508653,-0.162,1.05,24.296,,,-21.827,10.9068
0,3.9,,0,1.0,0,0.0,0,0,0.0,1,0,0,7.26,0.04,9.89,11.0,11.03,-1.14,-0.03,2.0,16.5,2.230448921,,,-0.47,-0.44,0.11,0.21,3.470570894,3.290570894,0.313,0.761583,525.1,-1.03170277,1.528163617,1.523607906,0.032267633,-1.080126147,-1.081886842,1.223229199,65.038,53.3188748,66.98,52.51930989,228.7,7.417505571,7.62,2.698480855,0.417114559,0.414453202,3.006885619,2.865372064,,,,7.01506,903.365,4.19157,1.32274,38.2,102.098,-3.029600584,-2.959855035,1.71829238,-2.1266108,-2.126613125,,,,,51.30391849,,,23.872,,,-22.0,10.976
0,3.4,,1,1.0,1,0.0,0,0,1.0,1,0,0,6.52,0.11,9.66,10.65,10.69,-1.03,-0.04,2.0,22.4,2.135100834,2.292256071,11.92,0.05,-0.21,0.36,-0.17,2.841563365,3.069563365,0.153,0.684224,568.2,-0.676315536,0.434869042,0.430044234,0.067763041,-0.895732759,-0.897121618,0.522831062,2.15,5.015759216,2.15,9.595812775,640.82,0.804664945,0.0,0.992853841,-0.015495248,-0.018212524,1.090087207,0.709551789,,,,1.54222,5.14821,1.104,0.559645,67.4,4.25057,-3.012778087,-3.012777914,0.620652319,-2.109687988,-2.109687988,22.75,,0.97,,35.40388348,,,23.571,13.388,1.672,-20.76,10.48
0,10,,1,1.0,0,0.0,0,0,0.0,1,0,0,6.51,0.05,9.9,10.93,10.97,-1.07,-0.04,2.0,16.9,2.041392685,,,-0.38,-0.53,0.24,0.29,2.960403365,2.968403365,0.345,0.274114,350.9,-1.166725962,1.463807797,1.459711034,-0.008413696,-1.47685846,-1.478381795,0.707777647,56.068,38.63125408,56.93,38.29364566,149.94,7.211593597,7.55,2.680404328,0.187226864,0.18243333,3.532274878,3.366585374,,,,4.58432,2943.3,2.63694,0.751623,17.8,173.771,-3.491897379,-3.476836494,1.490007669,-2.588991767,-2.588914232,25.139,,,,,,,                 ,,,-22.67143765,11.24457506
0,3.5,,1,1.0,0,0.0,0,0,0.0,1,0,0,6.6,0.02,9.96,10.65,10.73,-0.77,-0.08,4.0,13.1,2.021189299,2.29666519,11.94,0.02,0.02,0.12,0.12,,,,,0.0,-0.64594189,,,0.324434948,,,,,,0.0,0.0,,,,,,,,,,,,,,,,,,,,,,,,,,,26.8,,,                 ,,,-20.75,10.476
0,                 ,,0,1.0,0,0.0,0,0,0.0,1,0,0,6.33,0.12,10.11,10.52,10.66,-0.55,-0.14,2.0,17.9,2.120573931,,,-0.52,-0.77,0.06,0.03,4.131691213,4.227691213,0.225,1.53551,533.2,-1.266234585,2.43919648,2.433639408,-0.377476347,0.499346157,0.49734035,22.71338288,138.584,77.03257836,137.89,75.67544518,155.85,59.88449739,3.34,3.085111277,1.663476039,1.665906217,3.562389599,3.277896199,,,,97.3978,2079.77,62.3266,24.6484,9.3,1041.04,-2.812346755,-2.812346755,2.321194392,-1.909255358,-1.909255358,,,,,23.16338452,,,23.137,,,-20.318,10.3032
0,3,,1,1.0,0,0.0,0,0,0.0,0,0,0,8.15,0.16,10.23,10.93,11.01,-0.78,-0.08,1.0,8.5,2.187097501,2.409933123,12.21,0.18,-0.16,0.34,0.11,2.866730039,3.334730039,0.22,1.61851,770.1,-0.753001006,1.150863263,1.145704928,0.211567227,-1.08626867,-1.088218479,0.82554825,36.431,55.78422171,43.37,55.22326691,479.77,2.969574005,7.13,2.414116019,0.229869102,0.225727068,1.910447538,1.837713717,,,,3.97114,83.8938,2.45142,0.872579,131.6,19.8951,-2.568748845,-2.568706046,1.573793788,-1.666194152,-1.66616999,21.709,0.56,1.01,0.243,40.87462216,0.335,0.744,23.633,5.971,2.706,-21.197,10.6548
0,5.1,,1,1.0,0,0.0,0,0,0.0,1,0,0,7.0,0.3,9.76,10.66,10.71,-0.95,-0.05,2.0,13.8,1.981320173,2.292256071,11.93,-0.03,-0.33,0.4,0.37,3.0032529,3.1632529,0.344,0.906452,548.2,-1.017385359,1.627002199,1.623353487,0.233289643,-1.635163242,-1.636501687,0.699530348,84.075,52.3859924,84.95,52.00291939,184.78,12.75509622,9.24,3.264751421,0.187125313,0.183946378,3.30438191,3.236031749,,,,5.07651,2432.59,2.86983,0.748758,18.8,433.456,-2.873930314,-2.873148002,1.900027755,-1.975038429,-1.974890841,21.495,0.29,0.94,,25.61300487,0.227,0.689,22.429,9.522,2.903,-21.22,10.664
0,4,,1,1.0,0,0.0,0,0,0.0,1,0,0,7.57,0.15,,,,,,,15.8,2.086751231,2.461093156,12.34,,,,,,,,,,,,,,,,,,,,,,,,,,,,,,,,,,,,,,,,,,,21.778,0.175,0.78,,39.27699897,0.026,0.635,22.981,13.66,3.15,-21.479,10.7676
0,3,3.0,1,1.0,0,0.0,0,0,1.0,1,0,0,6.75,0.08,10.27,10.62,10.78,-0.51,-0.16,3.0,17.3,2.208871138,2.283301229,11.9,-0.29,-0.39,-0.15,-0.06,3.988194793,4.000194793,0.2,3.86628,906.6,-0.871236797,1.695256863,1.689568312,-0.053150274,0.049001187,0.047111112,6.219876776,33.808,100.290233,48.92,95.16020686,402.64,11.98557254,2.49,2.344436595,1.07833161,1.074083579,2.6751946,2.282334632,,,,22.0207,197.549,14.7128,6.50952,26.0,128.479,-2.355782061,-2.355782061,1.889567801,-1.452691827,-1.219684128,19.557,0.07,0.78,,18.34725396,0.045,0.685,22.281,13.892,4.419,-20.643,10.4332
0,3.3,12.0,1,1.0,1,0.0,0,0,1.0,1,0,0,8.38,0.04,10.84,11.29,11.42,-0.58,-0.13,2.0,9.5,2.290034611,2.382017043,12.14,0.27,0.13,0.29,0.18,3.211972842,3.387972842,0.26,3.87923,1287.2,-0.446560987,0.995674354,0.990914884,0.585496961,-1.494576349,-1.496401715,0.415978022,48.208,67.67604997,57.34,68.15526753,911.73,2.118854273,11.91,2.641922938,-0.054884379,-0.058685618,2.092195487,1.997778668,,,,2.26414,123.842,1.36558,0.447235,136.2,30.6839,-1.808926432,-1.808831318,1.766745134,-0.942345305,-0.941596754,21.596,0.22,0.83,0.265,75.80506278,0.168,0.676,23.633,12.449,2.757,-21.146,10.6344
0,4,12.0,1,1.0,0,0.0,0,0,0.0,1,0,0,7.86,0.14,9.68,10.49,10.55,-0.87,-0.06,2.0,12.7,2.337479228,2.276461804,11.88,0.39,-0.13,0.62,0.45,1.905752438,2.697752438,0.308,0.383493,387.2,-1.031297991,1.318979333,1.315828082,0.336864543,-2.344031068,-2.345160911,0.214038028,64.822,38.8807638,65.42,38.70905953,145.75,8.867325712,8.81,3.117404399,-0.320455292,-0.323469175,3.173877648,3.12336965,,,,1.76731,2024.41,0.980801,0.230969,68.6,35.6982,-3.214325002,-3.213556949,1.605935016,-2.321815892,-2.321569946,22.983,0.185,0.78,0.297,35.65752952,0.038,0.586,23.297,13.741,3.135,-20.318,10.3032
0,0.9,,0,1.0,0,0.0,0,0,0.0,1,0,0,6.77,0.22,10.13,10.56,10.7,-0.57,-0.14,1.0,19.3,2.039810554,2.26245109,11.85,-0.23,-0.7,0.49,0.46,3.52701808,3.73901808,0.383,2.91976,774.9,-1.143444898,2.483160114,2.480041727,0.23373637,-1.21014729,-1.211262277,3.057574804,149.811,70.87511544,150.37,70.93069676,110.69,133.3872413,7.58,4.156724018,0.82886621,0.825606598,4.598039545,4.535761969,,,,25.1143,51168.2,13.8707,3.23951,4.8,15950.7,-2.384800359,-2.380114946,2.583458366,-1.487513055,-1.48733161,21.295,0.285,0.87,,19.64216247,0.148,0.72,23.003,17.626,4.864,-20.178,10.2472
0,3.2,,1,1.0,0,0.0,0,0,1.0,1,0,0,6.6,0.3,,,,,,,11.4,2.149680882,2.297015994,11.94,,,,,,,,,,,,,,,,,,,,,,,,,,,,,,,,,,,,,,,,,,,22.439,0.14,0.785,,59.81880403,0.094,0.605,24.009,12.406,2.582,-21.364,10.7216
0,2,6.0,1,1.0,1,0.0,0,0,0.0,0,0,0,8.03,0.11,10.76,11.34,11.44,-0.68,-0.1,1.0,9.7,2.292566171,2.460897843,12.33,0.32,0.09,0.54,0.48,2.796107222,3.080107222,0.375,2.9403,932.5,-0.672822231,1.389819384,1.386768213,0.733360898,-2.396206304,-2.397253058,0.215829914,115.001,70.57896926,116.47,70.4079681,311.01,11.78919754,13.29,3.658608474,-0.317330219,-0.320023974,3.233021654,3.189463955,,,,1.84258,2431.44,1.01847,0.232648,45.4,300.514,-2.081402514,-2.081058666,2.251453271,-1.234681704,-1.23399189,21.718,0.505,0.965,,49.67702474,0.387,0.849,23.28,13.518,3.228,-21.579,10.8076
0,4,,1,1.0,0,0.0,0,0,1.0,1,0,0,6.83,0.3,,,,,,,17.8,1.989761188,2.187520721,11.67,,,,,,,,,,,,,,,,,,,,,,,,,,,,,,,,,,,,,,,,,,,21.498,0.08,0.715,,13.95392102,-0.077,0.574,23.016,12.539,2.574,-19.164,9.8416
0,3.3,,1,1.0,0,0.0,0,0,1.0,1,0,0,7.7,0.1,,,,,,,15.4,2.039374456,2.327971624,12.01,,,,,,,,,,,,,,,,,,,,,,,,,,,,,,,,,,,,,,,,,,,21.643,0.005,0.67,,28.09526081,-0.02,0.558,22.934,11.736,1.588,-20.802,10.4968
0,0.9,,1,1.0,1,0.0,0,0,0.0,1,0,0,6.95,0.06,10.35,10.66,10.83,-0.48,-0.17,2.0,15.2,2.149342299,2.324282455,12.0,-0.36,-0.55,0.35,0.4,3.466416467,3.310416467,0.393,1.33922,626.3,-1.026812047,1.831172616,1.827712541,0.262156374,-1.563910929,-1.565179524,0.957313518,102.031,58.53004898,102.55,58.21030069,169.36,22.67905313,9.13,3.395057732,0.325513761,0.322812718,3.936193784,3.846661999,,,,7.26565,9794.05,4.07892,1.02747,13.4,1116.8,-2.695869379,-2.695826213,2.102138587,-1.798556444,-1.798400798,21.649,0.405,0.94,,20.8698464,0.282,0.766,22.927,15.068,2.963,-20.288,10.2912
0,4,,0,1.0,0,0.0,0,0,0.0,1,0,0,7.54,0.21,,,10.09,,,1.0,6.8,1.982632994,2.274157849,11.88,-0.29,-0.14,,,,,,,,,,,,,,,,,,,,,,,,,,,,,,,,,,,,,,,,,,,0.82,,13.63389156,,0.626,22.552,13.747,2.061,-19.732,10.0688
0,0.8,,0,1.0,1,0.0,1,0,0.0,1,0,0,7.07,0.05,10.44,10.65,10.86,-0.42,-0.21,1.0,14.9,2.220108088,2.409933123,12.21,-0.09,-0.13,0.41,0.46,3.491118315,3.387118315,0.423,3.09123,882.6,-0.878748036,1.863710343,1.860587302,0.49618086,-1.822464519,-1.823585361,0.73516616,131.534,73.15220786,132.4,72.87020214,204.38,31.82332682,10.51,3.849486431,0.213335027,0.210298187,4.344714311,4.258484877,,,,6.07763,26045.4,3.36858,0.78881,10.2,3198.6,-2.214940081,-2.214851695,2.397047921,-1.335391867,-1.334965269,21.617,,,,23.45186343,,,22.492,16.657,3.359,-20.965,10.562
0,-4.3,,1,1.0,0,0.0,0,0,1.0,0,0,0,8.23,0.07,10.48,10.81,10.98,-0.5,-0.17,3.0,10.5,2.365806101,2.45331834,12.32,-0.02,-0.17,0.19,0.07,3.299369923,3.447369923,0.226,2.19543,895.0,-0.698129637,1.144308373,1.138927551,0.223903231,-0.928849558,-0.930844248,0.986734079,28.105,57.02106025,37.82,57.03671353,562.64,2.964012798,6.11,2.319562111,0.306870005,0.302857699,2.031532669,1.899237293,,,,4.45371,90.7178,2.80474,1.05731,141.4,20.0874,-2.407901,-2.408894901,1.567922277,-1.505201402,-1.505183333,,0.58,1.005,0.285,23.44166607,0.524,0.929,23.475,15.694,4.082,-20.091,10.2124
0,2.4,12.0,0,1.0,0,0.0,0,0,0.0,0,1,0,7.83,0.09,10.34,10.66,10.83,-0.49,-0.17,2.0,13.4,2.180584597,2.374748346,12.12,-0.21,-0.14,0.45,0.54,3.351145092,3.117298504,0.499,1.76537,694.6,-0.952625673,1.820272077,1.817541594,0.551201123,-2.290412397,-2.291319865,0.396058092,116.665,60.50709411,117.0,60.22936082,133.21,46.62344053,8.61,3.89664293,-0.048297568,-0.050643975,3.385676849,3.361340474,2.14,0.036166,0.023491,3.71974,4047.7,2.03817,0.432227,28.0,734.307,-2.467388287,-2.467315654,2.280557884,-1.593401917,-1.592961093,20.512,0.58,1.015,0.248,23.0164296,,0.82,22.776,10.025,2.955,-20.712,10.4608
0,6.4,,1,1.0,0,0.0,0,0,1.0,1,0,0,6.38,0.12,9.88,10.56,10.64,-0.76,-0.08,2.0,20.6,2.243013231,2.334453751,12.03,-0.33,-0.46,-0.28,-0.24,3.978354267,3.842354267,0.158,1.87205,721.8,-0.883288687,1.326201473,1.322631348,-0.180040841,0.191707594,0.191095978,5.284623734,4.21,27.88058343,4.21,36.74908056,400.46,7.341891976,0.0,1.659956212,0.979582267,0.977612403,1.690868644,1.45726793,,,,13.8907,28.6539,10.4087,5.77528,33.4,28.5895,-2.71930556,-2.71930556,1.398245644,-1.816215004,-1.816215004,,0.189,0.807,0.158,36.3729346,-0.056,0.528,23.17,11.949,1.977,-21.187,10.6508
0,1.5,7.0,1,1.0,0,0.0,1,0,1.0,1,0,0,7.97,0.14,10.31,10.99,11.07,-0.76,-0.08,2.0,7.7,2.103187749,2.380211242,12.14,0.34,0.01,0.41,0.28,2.591135519,2.967135519,0.279,1.1315,652.5,-0.705683115,0.977211751,0.972998612,0.434354644,-1.897568613,-1.899129531,0.24974595,52.456,49.81407739,55.87,49.64687297,445.03,2.274529321,11.89,2.696072534,-0.267959973,-0.271591701,2.150323791,2.090719079,,,,1.57757,168.357,0.911609,0.264894,93.4,26.8591,-2.596501996,-2.59646496,1.603455091,-1.708025425,-1.707664168,22.808,0.265,0.855,0.118,29.11094889,0.194,0.728,22.879,14.209,3.113,-20.418,10.3432
0,2.1,8.0,1,1.0,1,0.0,0,0,0.0,1,1,0,6.89,0.11,9.95,10.77,10.83,-0.88,-0.06,2.0,14.0,2.074962643,2.338456494,12.03,-0.51,-0.6,0.08,0.0,3.864998983,3.924998983,0.213,1.46196,604.3,-1.103781534,1.933967994,1.928321425,-0.239056508,0.091950903,0.089954788,8.214241335,81.98,66.82257325,81.98,82.54771128,230.02,19.22696688,3.19,2.737305536,1.215124522,1.211356629,2.837271171,2.614961539,,,,10.3397,444.63,21.3219,8.79359,24.2,209.892,-2.825928557,-2.825928557,1.982228254,-1.922839297,-1.922839297,21.077,0.405,0.95,0.17,25.80131218,0.254,0.796,23.144,12.96,3.223,-20.218,10.2632
0,1.2,,1,1.0,0,0.0,0,0,1.0,1,0,0,7.49,0.05,10.23,10.92,11.0,-0.77,-0.08,3.0,13.1,2.295303145,2.285557309,11.91,-0.37,-0.33,0.06,0.13,3.816357806,3.672357806,0.272,2.52158,832.9,-0.884366116,1.64788167,1.642822017,0.09940234,-0.661431821,-0.663352031,2.358718221,77.3,78.27048704,81.52,76.77861893,348.97,9.325176601,6.89,2.749356693,0.690308306,0.685760658,2.946399441,2.76317436,,,,11.766,674.246,7.21174,2.50589,41.6,146.903,-2.466152982,-2.466152922,1.962935869,-1.563157014,-1.563152249,21.64,0.17,0.88,,33.24187185,,,23.153,14.704,2.1,-21.01,10.58
0,2.1,,1,1.0,1,0.0,0,0,1.0,0,0,0,7.01,0.07,,,,,,,,2.080554339,2.28800316,11.91,,,,,,,,,,,,,,,,,,,,,,,,,,,,,,,,,,,,,,,,,,,,-0.047,0.673,,17.679793,-0.03,0.674,22.268,15.628,4.193,-20.481,10.3684
0,3.1,7.0,1,1.0,0,0.0,1,0,1.0,1,1,0,6.94,0.09,9.72,10.72,10.76,-1.04,-0.04,2.0,18.6,2.102124856,2.274157849,11.88,-0.26,-0.71,0.5,0.32,3.317284322,3.901284322,0.276,1.19204,528.5,-1.357070439,2.631304032,2.627374481,-0.164260246,-0.429942355,-0.431397002,9.055115459,127.073,57.89262771,126.97,57.89170839,92.31,112.9577032,6.24,3.826293922,1.292770106,1.289182657,4.154189856,4.079659692,,,,60.8622,16444.1,34.7898,9.58952,9.2,3547.37,-2.89279003,-2.520501584,2.352120747,-1.989729732,-1.989017753,20.912,0.27,0.82,0.132,30.76955779,0.117,0.628,22.962,13.326,4.241,-21.21,10.66
0,1.9,5.0,1,1.0,1,0.0,1,0,1.0,0,1,0,7.69,0.37,10.28,10.35,10.62,-0.34,-0.27,3.0,11.8,1.963079161,2.434568904,12.27,-0.23,-0.25,0.35,0.27,3.594928768,3.586928768,0.292,2.7899,860.2,-0.886358621,1.762311178,1.758116599,0.238937062,-1.067851652,-1.069479921,1.611504609,106.793,76.13544638,108.64,75.44395691,296.5,13.73887191,9.71,3.302176527,0.540826665,0.536950568,2.662284814,2.621883188,,,,10.0233,590.538,5.86289,1.72687,36.8,295.859,-2.358064078,-2.357720664,2.162994307,-1.457622787,-1.457530616,19.09,-0.495,0.59,,16.45428836,-0.21,0.674,22.232,13.517,2.424,-17.3,9.096
0,4,,1,1.0,0,0.0,1,0,1.0,0,1,0,7.6,0.01,10.02,10.6,10.7,-0.68,-0.1,1.0,13.2,2.123067244,2.346352974,12.05,0.19,-0.01,0.51,0.41,2.635144061,2.799144061,0.336,1.06249,612.9,-0.731689195,1.056667955,1.053316171,0.583300118,-2.427032746,-2.428253605,0.145596805,71.836,50.48394338,73.58,50.36717984,319.54,4.107662105,12.76,3.103500058,-0.493139061,-0.49604561,2.804212407,2.74842934,,,,1.13071,828.616,0.633348,0.156019,49.8,87.6207,-2.589742544,-2.589562964,1.776505054,-1.721241828,-1.720663921,21.635,0.21,0.805,0.16,36.81281845,,0.602,23.357,11.206,2.738,-20.938,10.5512
0,4,9.0,1,1.0,1,0.0,0,0,1.0,1,1,0,6.78,0.17,9.6,10.62,10.66,-1.06,-0.04,2.0,14.7,1.978043494,2.330413773,12.02,-0.67,-0.7,0.01,-0.05,4.089449847,4.381449847,0.202,1.08157,419.3,-1.37447714,2.599531582,2.593869861,-0.546346105,0.907760493,0.905837569,45.82374123,150.96,64.75347768,149.85,64.23433863,125.5,94.27936635,2.04,3.187373711,1.958966778,1.95468908,3.314943733,3.121411346,,,,170.716,1401.88,113.389,49.2935,12.0,899.386,-2.965937337,-2.965937337,2.372856793,-2.06284735,-2.06284735,21.417,-0.03,0.635,0.14,39.23143545,-0.136,0.493,23.052,12.796,2.778,-20.433,10.3492
0,2.8,,1,1.0,1,0.0,0,0,1.0,1,0,0,6.9,0.1,10.07,10.22,10.45,-0.38,-0.23,2.0,18.6,1.997779431,2.255272505,11.84,0.28,0.09,-0.05,0.06,2.022066191,2.766066191,0.243,0.692798,523.4,-0.435424138,0.189884872,0.18447631,0.479826348,-1.856998688,-1.858997931,0.113854011,4.26,15.11136668,10.11,18.86956291,1034.93,0.33058717,7.19,1.487685026,-0.633708077,-0.638029025,1.52527515,1.20648736,,,,0.505076,17.6202,0.319893,0.121858,80.4,5.59411,-2.573911853,-2.573904334,0.789285207,-1.684493569,-1.684117781,,0.12,0.78,,27.39494943,0.149,0.575,23.204,14.519,3.75,-20.882,10.5288
0,8.8,1.0,1,1.0,1,0.0,1,0,1.0,0,0,0,5.62,0.17,,,9.15,,,2.0,22.7,1.42258984,2.161368002,11.6,,,,,,,,,,,,,,,,,,,,,,,,,,,,,,,,,,,,,,,,,,,24.117,-0.51,0.48,,5.352712668,,0.341,21.704,10.779,0.894,-18.505,9.578
0,3.3,9.0,0,1.0,0,0.0,0,0,1.0,1,1,0,7.31,0.08,10.46,10.88,11.02,-0.56,-0.14,2.0,12.2,2.220631019,2.434568904,12.27,0.24,0.22,0.37,0.45,2.881254029,2.729254029,0.442,1.10083,620.4,-0.703530061,1.022712993,1.019561743,0.664632472,-2.640297404,-2.641427127,0.108793561,75.541,50.6923792,77.04,50.68714882,310.0,4.482866926,13.01,3.193501097,-0.616972901,-0.619735515,3.59388755,3.498327876,,,,0.8934,4469.18,0.496474,0.116954,24.8,247.176,-2.539893323,-2.539619673,1.816166369,-1.682816585,-1.682166401,21.327,0.325,0.88,0.219,42.95019132,0.285,0.623,23.174,13.779,4.155,-20.614,10.4216
0,1.1,,0,1.0,0,0.0,0,0,1.0,0,1,0,8.81,0.03,11.04,10.86,11.26,-0.22,-0.4,1.0,5.2,2.353473829,2.442479769,12.29,0.32,0.28,0.79,0.63,2.939561122,2.90948657,0.353,4.29907,1058.7,-0.609567352,1.444551369,1.442200545,1.047297721,-3.162765267,-3.163408692,0.092853848,146.59,62.46693737,146.59,77.19263774,205.27,40.0207527,10.87,4.179920924,-0.676463155,-0.678503416,2.659694366,2.647788593,3.14,0.145068,0.07392,0.984941,963.037,0.534144,0.101939,87.6,199.799,-1.858867048,-1.858867048,2.553722866,-1.046557812,-1.046557812,20.686,0.58,1.025,0.296,24.0321832,0.434,0.878,22.262,14.83,6.132,-20.974,10.5656
0,2.9,3.0,1,1.0,0,0.0,0,0,0.0,1,0,0,8.27,0.09,10.3,11.22,11.27,-0.97,-0.05,1.0,5.1,2.283934113,2.411619706,12.22,0.38,-0.64,0.73,0.83,2.893032569,2.571922573,0.691,6.30681,1162.1,-0.568266781,1.528484724,1.526853552,1.507850209,-4.413930238,-4.51392386,0.023751439,179.335,83.04539223,179.92,83.10865425,63.41,729.5571019,4.61,4.828637242,-1.26121663,-1.262330276,3.619939105,3.609914605,0.55,0.0539,0.070742,0.334026,9784.79,0.180761,0.0268327,17.2,8668.37,-1.696348281,-1.696348281,2.912370871,-0.903503632,-0.899205708,19.855,0.44,0.92,,23.95396033,0.3,0.825,21.929,13.834,3.785,-21.759,10.8796
0,2.3,3.0,0,1.0,1,0.0,0,0,1.0,1,0,0,6.83,0.11,10.03,10.34,10.51,-0.48,-0.17,1.0,15.0,2.030761591,2.260071388,11.84,-0.63,-0.64,-0.03,0.01,4.221262146,4.165262146,0.224,1.7898,586.0,-1.190202902,2.278113208,2.272521801,-0.315628784,0.394431139,0.392430433,16.9408352,125.4,67.09789018,125.4,83.95662149,187.13,41.9714354,3.24,3.060323789,1.538341113,1.53392538,3.185088686,2.981174299,,,,70.2513,1042.1,45.0843,18.16,16.2,543.14,-2.743898302,-2.743898302,2.244103863,-1.840808917,-1.840808917,18.745,0.27,0.825,,11.28138686,0.134,0.718,21.793,13.364,4.825,-19.67,10.044
0,2.2,6.0,0,1.0,0,0.0,0,0,1.0,1,0,0,6.18,0.12,9.88,10.68,10.74,-0.86,-0.06,3.0,24.3,1.987442805,2.222716471,11.75,-0.31,-0.38,-0.14,-0.12,3.54629392,3.49829392,0.184,0.797836,571.2,-0.950861518,1.200899215,1.19563225,-0.175780652,-0.272262272,-0.273985098,2.497273002,12.65,30.14607525,12.65,40.12980436,337.4,4.267217449,1.44,1.807826433,0.675991533,0.672483753,2.014039039,1.607437781,,,,8.08641,41.0143,5.63845,2.69103,24.8,32.1261,-3.084554258,-3.084554417,1.316240908,-2.181464666,-2.181464666,20.581,0.305,0.88,0.166,22.34700338,,0.742,22.685,13.358,4.646,-19.509,9.9796
0,6.1,,0,1.0,0,0.0,0,0,1.0,1,0,0,6.13,0.3,9.29,10.39,10.42,-1.13,-0.03,2.0,22.2,2.069889997,2.23299611,11.78,-0.35,-0.8,0.53,0.5,3.062932559,3.258932559,0.404,0.457642,391.5,-1.387011294,2.331398678,2.328487101,0.060358727,-1.591885845,-1.592870966,1.61103813,91.452,41.83677236,91.5,41.85230918,55.3,120.0946162,5.26,3.634628545,0.555696794,0.553109474,5.066839139,4.987797487,,,,14.2547,143752.0,7.7893,1.72025,3.3,10868.9,-3.256578828,-3.066816265,1.990165191,-2.355715066,-2.353518833,23.629,0.63,1.36,,26.21803698,,,23.409,10.4,3.187,-20.487,10.3708
0,4,3.0,0,1.0,0,0.0,0,0,0.0,1,0,0,8.94,0.1,10.49,10.53,10.81,-0.32,-0.28,1.0,4.1,2.004106323,2.431363764,12.26,0.37,0.27,0.31,0.25,2.656145169,2.752145169,0.291,1.25124,746.8,-0.343926942,0.352169851,0.347824999,0.757146382,-2.390453886,-2.392139212,0.069610437,27.293,37.77584184,33.39,39.16962663,1067.49,0.515367662,15.76,2.263561736,-0.825389079,-0.829035767,0.484589816,0.477256439,,,,0.419032,4.94239,0.247771,0.0750507,479.2,2.06803,-2.158047691,-2.157652042,1.314716005,-1.337104349,-1.335984537,21.345,0.03,0.8,0.208,30.38145316,,0.659,23.035,11.546,2.653,-20.886,10.5304
0,5,,1,1.0,1,0.0,0,0,0.0,1,0,0,7.04,0.08,10.54,11.23,11.31,-0.77,-0.08,2.0,13.3,2.220108088,2.305351369,11.96,0.25,0.27,0.41,0.39,2.651169857,2.643169857,0.359,1.39473,741.3,-0.424004066,0.55281393,0.549307407,0.858502138,-2.818864005,-2.820145475,0.052072818,57.228,49.57629965,60.59,49.87442529,688.03,1.167820759,18.03,2.713019339,-0.941141602,-0.944571282,3.248559935,3.092576522,,,,0.389781,1641.42,0.219266,0.0555991,31.6,106.476,-2.202039665,-2.201483238,1.648727786,-1.391168143,-1.390240228,21.854,,,,45.75055873,,,23.025,16.749,3.653,-21.854,10.9176
0,2.8,,1,1.0,0,0.0,1,0,0.0,1,0,0,7.72,0.05,10.04,11.07,11.11,-1.07,-0.04,2.0,13.5,2.209515015,2.376576957,12.13,-0.14,-0.19,0.16,0.18,3.254986693,3.210986693,0.283,1.28366,687.3,-0.784077384,1.151929009,1.147158532,0.245038243,-1.328009165,-1.329845535,0.602178876,46.18,54.06962227,51.1,53.4239111,420.23,3.032580677,8.76,2.431291425,0.107049741,0.103421938,2.365878309,2.248221671,,,,3.27574,216.79,1.97269,0.64775,78.0,34.7991,-2.662902302,-2.662887718,1.602700104,-1.761394444,-1.76133177,21.561,,,,31.15425751,,,22.537,16.494,2.437,-21.388,10.7312
0,2.7,,1,1.0,1,0.0,0,0,1.0,1,0,0,7.51,0.06,10.01,11.02,11.06,-1.05,-0.04,2.0,7.5,2.198657087,,,-0.08,-0.11,0.02,0.13,3.055780077,2.999780077,0.274,0.920151,616.5,-0.679574567,0.765621564,0.760587611,0.299943815,-1.530515814,-1.532441739,0.314380149,21.492,37.59589724,27.89,38.25649351,559.3,1.226549292,8.08,1.991941139,-0.184452987,-0.189025874,2.052511885,1.869117362,,,,1.5629,85.9034,0.962119,0.336058,90.4,14.5173,-2.735923943,-2.735945949,1.269424208,-1.835100159,-1.835014012,,,,,36.94696389,,,23.438,,,-21.101,10.6164
0,2,,1,1.0,0,0.0,0,0,0.0,1,0,0,7.02,0.14,9.86,11.01,11.04,-1.18,-0.03,1.0,11.2,2.198657087,,,-0.08,-0.04,0.32,0.06,2.582958666,2.746958666,0.222,0.568953,469.7,-0.553529201,0.28888241,0.283473849,0.361721285,-1.75800115,-1.760000393,0.142566691,10.77,13.01806577,10.77,19.75902145,788.51,0.415222572,6.58,1.398087246,-0.535896613,-0.539031486,1.70959329,1.348320172,,,,0.634387,24.3697,0.402019,0.153181,88.4,5.43268,-2.829093191,-2.829092041,0.80889868,-1.929341628,-1.929223537,,,,,38.95519235,,,23.393,,,-21.196,10.6544
0,5.6,5.0,1,1.0,0,0.0,0,0,1.0,1,0,0,7.68,0.5,,,11.13,,,2.0,9.1,,2.390935107,12.16,-0.64,-0.44,0.2,0.37,,,,,,,,,,,,,,,,,,,,,,,,,,,,,,,,,,,,,,,,0.15,0.645,,35.24716131,-0.037,0.427,21.601,14.421,2.8,-23.101,11.4164
0,2.1,,1,1.0,0,0.0,0,0,1.0,1,1,0,7.72,0.12,10.28,10.78,10.9,-0.62,-0.12,1.0,10.9,2.073315021,2.301029996,11.95,-0.25,-0.32,0.34,0.34,3.879281452,3.631281452,0.35,2.35865,758.0,-1.033747375,2.073796438,2.070004869,0.18716225,-1.085293139,-1.086691035,2.202758388,124.868,71.07784022,125.26,70.41907756,186.44,33.23143971,9.04,3.646354543,0.685792563,0.682492693,3.16535807,3.128475548,,,,15.512,2007.21,8.77351,2.35051,26.8,703.783,-2.478354664,-2.481833188,2.312835072,-1.577815757,-1.577750047,21.921,0.275,0.81,,43.39674095,0.182,0.662,23.833,13.69,2.814,-20.534,10.3896
0,1.6,,1,1.0,1,0.0,0,0,0.0,1,0,0,7.07,0.05,10.11,10.54,10.68,-0.57,-0.14,2.0,10.4,2.029383778,2.322219295,11.99,-0.42,-0.24,0.37,0.43,3.370891833,3.110891833,0.412,1.57364,695.4,-0.85983357,1.516397557,1.513110808,0.471462462,-2.022569574,-2.023760724,0.390646962,96.936,59.59116259,97.96,59.27536781,231.14,12.43716291,10.99,3.329707133,-0.061695469,-0.063987623,3.538612841,3.469894122,,,,3.10543,4285.77,1.72978,0.419856,16.4,752.634,-2.508740588,-2.508212338,2.058911677,-1.626495847,-1.626075212,,,,,21.84552529,,,22.595,16.809,4.041,-20.722,10.4648
0,3.7,,1,1.0,0,0.0,0,0,0.0,1,0,0,7.41,0.03,10.35,11.2,11.26,-0.91,-0.06,2.0,10.2,2.190331698,2.230448921,11.77,0.12,-0.03,0.19,0.15,3.039520928,3.199520928,0.262,1.757,841.4,-0.610649549,0.923834787,0.918874007,0.388339614,-1.443213852,-1.44510531,0.413195574,32.532,50.43398137,39.9,50.75395636,645.83,1.767454141,9.2,2.244379121,-0.063914683,-0.067734985,2.353905608,2.152418064,,,,2.12064,165.908,1.29427,0.441354,63.6,34.5347,-2.369939447,-2.369938801,1.508650901,-1.4738262,-1.473607732,22.872,,0.81,,52.07065792,,0.686,23.744,16.956,2.517,-21.565,10.802
